column_name,source_variable,source_type,feature_type,meaning,column_index
cfam__1,cfam,categorical,one_hot,1,0
cfam__2,cfam,categorical,one_hot,2,1
cfam__3,cfam,categorical,one_hot,3,2
cfam__4,cfam,categorical,one_hot,4,3
cfam__5,cfam,categorical,one_hot,5,4
cfam__6,cfam,categorical,one_hot,6,5
cfam__9,cfam,categorical,one_hot,9,6
cfam__missing,cfam,categorical,one_hot,missing,7
genertn__1,genertn,categorical,one_hot,1,8
genertn__2,genertn,categorical,one_hot,2,9
genertn__3,genertn,categorical,one_hot,3,10
genertn__4,genertn,categorical,one_hot,4,11
genertn__5,genertn,categorical,one_hot,5,12
genertn__6,genertn,categorical,one_hot,6,13
genertn__7,genertn,categorical,one_hot,7,14
genertn__9,genertn,categorical,one_hot,9,15
genertn__missing,genertn,categorical,one_hot,missing,16
allownc__10,allownc,categorical,one_hot,10,17
allownc__20,allownc,categorical,one_hot,20,18
allownc__99,allownc,categorical,one_hot,99,19
allownc__missing,allownc,categorical,one_hot,missing,20
house__1,house,categorical,one_hot,1,21
house__2,house,categorical,one_hot,2,22
house__3,house,categorical,one_hot,3,23
house__9,house,categorical,one_hot,9,24
house__missing,house,categorical,one_hot,missing,25
live_t__1,live_t,categorical,one_hot,1,26
live_t__2,live_t,categorical,one_hot,2,27
live_t__3,live_t,categorical,one_hot,3,28
live_t__4,live_t,categorical,one_hot,4,29
live_t__9,live_t,categorical,one_hot,9,30
live_t__missing,live_t,categorical,one_hot,missing,31
ainc__le_bottom,ainc,numerical,indicator,le_bottom,32
ainc__ge_top,ainc,numerical,indicator,ge_top,33
ainc__missing,ainc,numerical,indicator,missing,34
ainc__value,ainc,numerical,continuous,quantile_centered_value,35
marri_1__1,marri_1,categorical,one_hot,1,36
marri_1__2,marri_1,categorical,one_hot,2,37
marri_1__9,marri_1,categorical,one_hot,9,38
marri_1__missing,marri_1,categorical,one_hot,missing,39
marri_2__1,marri_2,categorical,one_hot,1,40
marri_2__2,marri_2,categorical,one_hot,2,41
marri_2__3,marri_2,categorical,one_hot,3,42
marri_2__4,marri_2,categorical,one_hot,4,43
marri_2__8,marri_2,categorical,one_hot,8,44
marri_2__9,marri_2,categorical,one_hot,9,45
marri_2__88,marri_2,categorical,one_hot,88,46
marri_2__99,marri_2,categorical,one_hot,99,47
marri_2__missing,marri_2,categorical,one_hot,missing,48
fam_rela__1,fam_rela,categorical,one_hot,1,49
fam_rela__2,fam_rela,categorical,one_hot,2,50
fam_rela__3,fam_rela,categorical,one_hot,3,51
fam_rela__4,fam_rela,categorical,one_hot,4,52
fam_rela__5,fam_rela,categorical,one_hot,5,53
fam_rela__6,fam_rela,categorical,one_hot,6,54
fam_rela__7,fam_rela,categorical,one_hot,7,55
fam_rela__8,fam_rela,categorical,one_hot,8,56
fam_rela__9,fam_rela,categorical,one_hot,9,57
fam_rela__10,fam_rela,categorical,one_hot,10,58
fam_rela__99,fam_rela,categorical,one_hot,99,59
fam_rela__missing,fam_rela,categorical,one_hot,missing,60
tins__10,tins,categorical,one_hot,10,61
tins__20,tins,categorical,one_hot,20,62
tins__30,tins,categorical,one_hot,30,63
tins__99,tins,categorical,one_hot,99,64
tins__missing,tins,categorical,one_hot,missing,65
npins__1,npins,categorical,one_hot,1,66
npins__2,npins,categorical,one_hot,2,67
npins__9,npins,categorical,one_hot,9,68
npins__missing,npins,categorical,one_hot,missing,69
D_1_1__1,D_1_1,categorical,one_hot,1,70
D_1_1__2,D_1_1,categorical,one_hot,2,71
D_1_1__3,D_1_1,categorical,one_hot,3,72
D_1_1__4,D_1_1,categorical,one_hot,4,73
D_1_1__5,D_1_1,categorical,one_hot,5,74
D_1_1__9,D_1_1,categorical,one_hot,9,75
D_1_1__missing,D_1_1,categorical,one_hot,missing,76
D_2_1__1,D_2_1,categorical,one_hot,1,77
D_2_1__2,D_2_1,categorical,one_hot,2,78
D_2_1__9,D_2_1,categorical,one_hot,9,79
D_2_1__missing,D_2_1,categorical,one_hot,missing,80
D_2_wk__flag_88,D_2_wk,numerical,indicator,flag_88,81
D_2_wk__flag_99,D_2_wk,numerical,indicator,flag_99,82
D_2_wk__le_bottom,D_2_wk,numerical,indicator,le_bottom,83
D_2_wk__ge_top,D_2_wk,numerical,indicator,ge_top,84
D_2_wk__missing,D_2_wk,numerical,indicator,missing,85
D_2_wk__value,D_2_wk,numerical,continuous,quantile_centered_value,86
DI1_dg__0,DI1_dg,categorical,one_hot,0,87
DI1_dg__1,DI1_dg,categorical,one_hot,1,88
DI1_dg__8,DI1_dg,categorical,one_hot,8,89
DI1_dg__9,DI1_dg,categorical,one_hot,9,90
DI1_dg__missing,DI1_dg,categorical,one_hot,missing,91
DI1_ag__flag_888,DI1_ag,numerical,indicator,flag_888,92
DI1_ag__flag_999,DI1_ag,numerical,indicator,flag_999,93
DI1_ag__le_bottom,DI1_ag,numerical,indicator,le_bottom,94
DI1_ag__ge_top,DI1_ag,numerical,indicator,ge_top,95
DI1_ag__missing,DI1_ag,numerical,indicator,missing,96
DI1_ag__value,DI1_ag,numerical,continuous,quantile_centered_value,97
DI1_pr__0,DI1_pr,categorical,one_hot,0,98
DI1_pr__1,DI1_pr,categorical,one_hot,1,99
DI1_pr__8,DI1_pr,categorical,one_hot,8,100
DI1_pr__9,DI1_pr,categorical,one_hot,9,101
DI1_pr__missing,DI1_pr,categorical,one_hot,missing,102
DI1_pt__0,DI1_pt,categorical,one_hot,0,103
DI1_pt__1,DI1_pt,categorical,one_hot,1,104
DI1_pt__8,DI1_pt,categorical,one_hot,8,105
DI1_pt__9,DI1_pt,categorical,one_hot,9,106
DI1_pt__missing,DI1_pt,categorical,one_hot,missing,107
DI1_2__1,DI1_2,categorical,one_hot,1,108
DI1_2__2,DI1_2,categorical,one_hot,2,109
DI1_2__3,DI1_2,categorical,one_hot,3,110
DI1_2__4,DI1_2,categorical,one_hot,4,111
DI1_2__5,DI1_2,categorical,one_hot,5,112
DI1_2__8,DI1_2,categorical,one_hot,8,113
DI1_2__9,DI1_2,categorical,one_hot,9,114
DI1_2__missing,DI1_2,categorical,one_hot,missing,115
DI2_dg__0,DI2_dg,categorical,one_hot,0,116
DI2_dg__1,DI2_dg,categorical,one_hot,1,117
DI2_dg__8,DI2_dg,categorical,one_hot,8,118
DI2_dg__9,DI2_dg,categorical,one_hot,9,119
DI2_dg__missing,DI2_dg,categorical,one_hot,missing,120
DI2_ag__flag_888,DI2_ag,numerical,indicator,flag_888,121
DI2_ag__flag_999,DI2_ag,numerical,indicator,flag_999,122
DI2_ag__le_bottom,DI2_ag,numerical,indicator,le_bottom,123
DI2_ag__ge_top,DI2_ag,numerical,indicator,ge_top,124
DI2_ag__missing,DI2_ag,numerical,indicator,missing,125
DI2_ag__value,DI2_ag,numerical,continuous,quantile_centered_value,126
DI2_pr__0,DI2_pr,categorical,one_hot,0,127
DI2_pr__1,DI2_pr,categorical,one_hot,1,128
DI2_pr__8,DI2_pr,categorical,one_hot,8,129
DI2_pr__9,DI2_pr,categorical,one_hot,9,130
DI2_pr__missing,DI2_pr,categorical,one_hot,missing,131
DI2_pt__0,DI2_pt,categorical,one_hot,0,132
DI2_pt__1,DI2_pt,categorical,one_hot,1,133
DI2_pt__8,DI2_pt,categorical,one_hot,8,134
DI2_pt__9,DI2_pt,categorical,one_hot,9,135
DI2_pt__missing,DI2_pt,categorical,one_hot,missing,136
DI2_2__1,DI2_2,categorical,one_hot,1,137
DI2_2__2,DI2_2,categorical,one_hot,2,138
DI2_2__3,DI2_2,categorical,one_hot,3,139
DI2_2__4,DI2_2,categorical,one_hot,4,140
DI2_2__5,DI2_2,categorical,one_hot,5,141
DI2_2__8,DI2_2,categorical,one_hot,8,142
DI2_2__9,DI2_2,categorical,one_hot,9,143
DI2_2__missing,DI2_2,categorical,one_hot,missing,144
DE1_dg__0,DE1_dg,categorical,one_hot,0,145
DE1_dg__1,DE1_dg,categorical,one_hot,1,146
DE1_dg__8,DE1_dg,categorical,one_hot,8,147
DE1_dg__9,DE1_dg,categorical,one_hot,9,148
DE1_dg__missing,DE1_dg,categorical,one_hot,missing,149
DE1_ag__flag_888,DE1_ag,numerical,indicator,flag_888,150
DE1_ag__flag_999,DE1_ag,numerical,indicator,flag_999,151
DE1_ag__le_bottom,DE1_ag,numerical,indicator,le_bottom,152
DE1_ag__ge_top,DE1_ag,numerical,indicator,ge_top,153
DE1_ag__missing,DE1_ag,numerical,indicator,missing,154
DE1_ag__value,DE1_ag,numerical,continuous,quantile_centered_value,155
DE1_pr__0,DE1_pr,categorical,one_hot,0,156
DE1_pr__1,DE1_pr,categorical,one_hot,1,157
DE1_pr__8,DE1_pr,categorical,one_hot,8,158
DE1_pr__9,DE1_pr,categorical,one_hot,9,159
DE1_pr__missing,DE1_pr,categorical,one_hot,missing,160
DE1_pt__0,DE1_pt,categorical,one_hot,0,161
DE1_pt__1,DE1_pt,categorical,one_hot,1,162
DE1_pt__8,DE1_pt,categorical,one_hot,8,163
DE1_pt__9,DE1_pt,categorical,one_hot,9,164
DE1_pt__missing,DE1_pt,categorical,one_hot,missing,165
DE1_3__1,DE1_3,categorical,one_hot,1,166
DE1_3__2,DE1_3,categorical,one_hot,2,167
DE1_3__8,DE1_3,categorical,one_hot,8,168
DE1_3__9,DE1_3,categorical,one_hot,9,169
DE1_3__missing,DE1_3,categorical,one_hot,missing,170
DE1_31__0,DE1_31,categorical,one_hot,0,171
DE1_31__1,DE1_31,categorical,one_hot,1,172
DE1_31__8,DE1_31,categorical,one_hot,8,173
DE1_31__9,DE1_31,categorical,one_hot,9,174
DE1_31__missing,DE1_31,categorical,one_hot,missing,175
DE1_32__0,DE1_32,categorical,one_hot,0,176
DE1_32__1,DE1_32,categorical,one_hot,1,177
DE1_32__8,DE1_32,categorical,one_hot,8,178
DE1_32__9,DE1_32,categorical,one_hot,9,179
DE1_32__missing,DE1_32,categorical,one_hot,missing,180
DE1_33__0,DE1_33,categorical,one_hot,0,181
DE1_33__1,DE1_33,categorical,one_hot,1,182
DE1_33__8,DE1_33,categorical,one_hot,8,183
DE1_33__9,DE1_33,categorical,one_hot,9,184
DE1_33__missing,DE1_33,categorical,one_hot,missing,185
DE1_34__0,DE1_34,categorical,one_hot,0,186
DE1_34__1,DE1_34,categorical,one_hot,1,187
DE1_34__8,DE1_34,categorical,one_hot,8,188
DE1_34__9,DE1_34,categorical,one_hot,9,189
DE1_34__missing,DE1_34,categorical,one_hot,missing,190
DE1_4__1,DE1_4,categorical,one_hot,1,191
DE1_4__2,DE1_4,categorical,one_hot,2,192
DE1_4__8,DE1_4,categorical,one_hot,8,193
DE1_4__9,DE1_4,categorical,one_hot,9,194
DE1_4__missing,DE1_4,categorical,one_hot,missing,195
DN1_dg__0,DN1_dg,categorical,one_hot,0,196
DN1_dg__1,DN1_dg,categorical,one_hot,1,197
DN1_dg__8,DN1_dg,categorical,one_hot,8,198
DN1_dg__9,DN1_dg,categorical,one_hot,9,199
DN1_dg__missing,DN1_dg,categorical,one_hot,missing,200
DN1_pt__0,DN1_pt,categorical,one_hot,0,201
DN1_pt__1,DN1_pt,categorical,one_hot,1,202
DN1_pt__8,DN1_pt,categorical,one_hot,8,203
DN1_pt__9,DN1_pt,categorical,one_hot,9,204
DN1_pt__missing,DN1_pt,categorical,one_hot,missing,205
DI3_dg__0,DI3_dg,categorical,one_hot,0,206
DI3_dg__1,DI3_dg,categorical,one_hot,1,207
DI3_dg__8,DI3_dg,categorical,one_hot,8,208
DI3_dg__9,DI3_dg,categorical,one_hot,9,209
DI3_dg__missing,DI3_dg,categorical,one_hot,missing,210
DI3_ag__flag_888,DI3_ag,numerical,indicator,flag_888,211
DI3_ag__flag_999,DI3_ag,numerical,indicator,flag_999,212
DI3_ag__le_bottom,DI3_ag,numerical,indicator,le_bottom,213
DI3_ag__ge_top,DI3_ag,numerical,indicator,ge_top,214
DI3_ag__missing,DI3_ag,numerical,indicator,missing,215
DI3_ag__value,DI3_ag,numerical,continuous,quantile_centered_value,216
DI3_2__1,DI3_2,categorical,one_hot,1,217
DI3_2__2,DI3_2,categorical,one_hot,2,218
DI3_2__3,DI3_2,categorical,one_hot,3,219
DI3_2__8,DI3_2,categorical,one_hot,8,220
DI3_2__9,DI3_2,categorical,one_hot,9,221
DI3_2__missing,DI3_2,categorical,one_hot,missing,222
DI4_dg__0,DI4_dg,categorical,one_hot,0,223
DI4_dg__1,DI4_dg,categorical,one_hot,1,224
DI4_dg__8,DI4_dg,categorical,one_hot,8,225
DI4_dg__9,DI4_dg,categorical,one_hot,9,226
DI4_dg__missing,DI4_dg,categorical,one_hot,missing,227
DI5_dg__0,DI5_dg,categorical,one_hot,0,228
DI5_dg__1,DI5_dg,categorical,one_hot,1,229
DI5_dg__8,DI5_dg,categorical,one_hot,8,230
DI5_dg__9,DI5_dg,categorical,one_hot,9,231
DI5_dg__missing,DI5_dg,categorical,one_hot,missing,232
DI5_ag__flag_888,DI5_ag,numerical,indicator,flag_888,233
DI5_ag__flag_999,DI5_ag,numerical,indicator,flag_999,234
DI5_ag__le_bottom,DI5_ag,numerical,indicator,le_bottom,235
DI5_ag__ge_top,DI5_ag,numerical,indicator,ge_top,236
DI5_ag__missing,DI5_ag,numerical,indicator,missing,237
DI5_ag__value,DI5_ag,numerical,continuous,quantile_centered_value,238
DI6_dg__0,DI6_dg,categorical,one_hot,0,239
DI6_dg__1,DI6_dg,categorical,one_hot,1,240
DI6_dg__8,DI6_dg,categorical,one_hot,8,241
DI6_dg__9,DI6_dg,categorical,one_hot,9,242
DI6_dg__missing,DI6_dg,categorical,one_hot,missing,243
DI6_ag__flag_888,DI6_ag,numerical,indicator,flag_888,244
DI6_ag__flag_999,DI6_ag,numerical,indicator,flag_999,245
DI6_ag__le_bottom,DI6_ag,numerical,indicator,le_bottom,246
DI6_ag__ge_top,DI6_ag,numerical,indicator,ge_top,247
DI6_ag__missing,DI6_ag,numerical,indicator,missing,248
DI6_ag__value,DI6_ag,numerical,continuous,quantile_centered_value,249
DJ2_dg__0,DJ2_dg,categorical,one_hot,0,250
DJ2_dg__1,DJ2_dg,categorical,one_hot,1,251
DJ2_dg__8,DJ2_dg,categorical,one_hot,8,252
DJ2_dg__9,DJ2_dg,categorical,one_hot,9,253
DJ2_dg__missing,DJ2_dg,categorical,one_hot,missing,254
DJ2_ag__flag_888,DJ2_ag,numerical,indicator,flag_888,255
DJ2_ag__flag_999,DJ2_ag,numerical,indicator,flag_999,256
DJ2_ag__le_bottom,DJ2_ag,numerical,indicator,le_bottom,257
DJ2_ag__ge_top,DJ2_ag,numerical,indicator,ge_top,258
DJ2_ag__missing,DJ2_ag,numerical,indicator,missing,259
DJ2_ag__value,DJ2_ag,numerical,continuous,quantile_centered_value,260
DC01_dg__0,DC01_dg,categorical,one_hot,0,261
DC01_dg__1,DC01_dg,categorical,one_hot,1,262
DC01_dg__8,DC01_dg,categorical,one_hot,8,263
DC01_dg__9,DC01_dg,categorical,one_hot,9,264
DC01_dg__missing,DC01_dg,categorical,one_hot,missing,265
DC01__1,DC01,categorical,one_hot,1,266
DC01__2,DC01,categorical,one_hot,2,267
DC01__3,DC01,categorical,one_hot,3,268
DC01__4,DC01,categorical,one_hot,4,269
DC01__5,DC01,categorical,one_hot,5,270
DC01__6,DC01,categorical,one_hot,6,271
DC01__7,DC01,categorical,one_hot,7,272
DC01__8,DC01,categorical,one_hot,8,273
DC01__9,DC01,categorical,one_hot,9,274
DC01__88,DC01,categorical,one_hot,88,275
DC01__missing,DC01,categorical,one_hot,missing,276
DC01_ag__flag_888,DC01_ag,numerical,indicator,flag_888,277
DC01_ag__flag_999,DC01_ag,numerical,indicator,flag_999,278
DC01_ag__le_bottom,DC01_ag,numerical,indicator,le_bottom,279
DC01_ag__ge_top,DC01_ag,numerical,indicator,ge_top,280
DC01_ag__missing,DC01_ag,numerical,indicator,missing,281
DC01_ag__value,DC01_ag,numerical,continuous,quantile_centered_value,282
DJ4_dg__0,DJ4_dg,categorical,one_hot,0,283
DJ4_dg__1,DJ4_dg,categorical,one_hot,1,284
DJ4_dg__8,DJ4_dg,categorical,one_hot,8,285
DJ4_dg__9,DJ4_dg,categorical,one_hot,9,286
DJ4_dg__missing,DJ4_dg,categorical,one_hot,missing,287
DJ4_ag__flag_888,DJ4_ag,numerical,indicator,flag_888,288
DJ4_ag__flag_999,DJ4_ag,numerical,indicator,flag_999,289
DJ4_ag__le_bottom,DJ4_ag,numerical,indicator,le_bottom,290
DJ4_ag__ge_top,DJ4_ag,numerical,indicator,ge_top,291
DJ4_ag__missing,DJ4_ag,numerical,indicator,missing,292
DJ4_ag__value,DJ4_ag,numerical,continuous,quantile_centered_value,293
DJ4_3__1,DJ4_3,categorical,one_hot,1,294
DJ4_3__2,DJ4_3,categorical,one_hot,2,295
DJ4_3__3,DJ4_3,categorical,one_hot,3,296
DJ4_3__8,DJ4_3,categorical,one_hot,8,297
DJ4_3__9,DJ4_3,categorical,one_hot,9,298
DJ4_3__missing,DJ4_3,categorical,one_hot,missing,299
DL1_dg__0,DL1_dg,categorical,one_hot,0,300
DL1_dg__1,DL1_dg,categorical,one_hot,1,301
DL1_dg__8,DL1_dg,categorical,one_hot,8,302
DL1_dg__9,DL1_dg,categorical,one_hot,9,303
DL1_dg__missing,DL1_dg,categorical,one_hot,missing,304
DL1_ag__flag_888,DL1_ag,numerical,indicator,flag_888,305
DL1_ag__flag_999,DL1_ag,numerical,indicator,flag_999,306
DL1_ag__le_bottom,DL1_ag,numerical,indicator,le_bottom,307
DL1_ag__ge_top,DL1_ag,numerical,indicator,ge_top,308
DL1_ag__missing,DL1_ag,numerical,indicator,missing,309
DL1_ag__value,DL1_ag,numerical,continuous,quantile_centered_value,310
DJ8_dg__0,DJ8_dg,categorical,one_hot,0,311
DJ8_dg__1,DJ8_dg,categorical,one_hot,1,312
DJ8_dg__8,DJ8_dg,categorical,one_hot,8,313
DJ8_dg__9,DJ8_dg,categorical,one_hot,9,314
DJ8_dg__missing,DJ8_dg,categorical,one_hot,missing,315
DJ8_ag__flag_888,DJ8_ag,numerical,indicator,flag_888,316
DJ8_ag__flag_999,DJ8_ag,numerical,indicator,flag_999,317
DJ8_ag__le_bottom,DJ8_ag,numerical,indicator,le_bottom,318
DJ8_ag__ge_top,DJ8_ag,numerical,indicator,ge_top,319
DJ8_ag__missing,DJ8_ag,numerical,indicator,missing,320
DJ8_ag__value,DJ8_ag,numerical,continuous,quantile_centered_value,321
DM4_dg__0,DM4_dg,categorical,one_hot,0,322
DM4_dg__1,DM4_dg,categorical,one_hot,1,323
DM4_dg__8,DM4_dg,categorical,one_hot,8,324
DM4_dg__9,DM4_dg,categorical,one_hot,9,325
DM4_dg__missing,DM4_dg,categorical,one_hot,missing,326
DM4_ag__flag_888,DM4_ag,numerical,indicator,flag_888,327
DM4_ag__flag_999,DM4_ag,numerical,indicator,flag_999,328
DM4_ag__le_bottom,DM4_ag,numerical,indicator,le_bottom,329
DM4_ag__ge_top,DM4_ag,numerical,indicator,ge_top,330
DM4_ag__missing,DM4_ag,numerical,indicator,missing,331
DM4_ag__value,DM4_ag,numerical,continuous,quantile_centered_value,332
DM4_pt__0,DM4_pt,categorical,one_hot,0,333
DM4_pt__1,DM4_pt,categorical,one_hot,1,334
DM4_pt__8,DM4_pt,categorical,one_hot,8,335
DM4_pt__9,DM4_pt,categorical,one_hot,9,336
DM4_pt__missing,DM4_pt,categorical,one_hot,missing,337
M_2_yr__1,M_2_yr,categorical,one_hot,1,338
M_2_yr__2,M_2_yr,categorical,one_hot,2,339
M_2_yr__3,M_2_yr,categorical,one_hot,3,340
M_2_yr__9,M_2_yr,categorical,one_hot,9,341
M_2_yr__missing,M_2_yr,categorical,one_hot,missing,342
M_2_rs__1,M_2_rs,categorical,one_hot,1,343
M_2_rs__2,M_2_rs,categorical,one_hot,2,344
M_2_rs__3,M_2_rs,categorical,one_hot,3,345
M_2_rs__4,M_2_rs,categorical,one_hot,4,346
M_2_rs__5,M_2_rs,categorical,one_hot,5,347
M_2_rs__6,M_2_rs,categorical,one_hot,6,348
M_2_rs__7,M_2_rs,categorical,one_hot,7,349
M_2_rs__8,M_2_rs,categorical,one_hot,8,350
M_2_rs__88,M_2_rs,categorical,one_hot,88,351
M_2_rs__99,M_2_rs,categorical,one_hot,99,352
M_2_rs__missing,M_2_rs,categorical,one_hot,missing,353
mt_nontrt__0,mt_nontrt,categorical,one_hot,0,354
mt_nontrt__1,mt_nontrt,categorical,one_hot,1,355
mt_nontrt__missing,mt_nontrt,categorical,one_hot,missing,356
M_HL_1__1,M_HL_1,categorical,one_hot,1,357
M_HL_1__2,M_HL_1,categorical,one_hot,2,358
M_HL_1__3,M_HL_1,categorical,one_hot,3,359
M_HL_1__4,M_HL_1,categorical,one_hot,4,360
M_HL_1__8,M_HL_1,categorical,one_hot,8,361
M_HL_1__9,M_HL_1,categorical,one_hot,9,362
M_HL_1__missing,M_HL_1,categorical,one_hot,missing,363
M_HL_2__1,M_HL_2,categorical,one_hot,1,364
M_HL_2__2,M_HL_2,categorical,one_hot,2,365
M_HL_2__3,M_HL_2,categorical,one_hot,3,366
M_HL_2__4,M_HL_2,categorical,one_hot,4,367
M_HL_2__8,M_HL_2,categorical,one_hot,8,368
M_HL_2__9,M_HL_2,categorical,one_hot,9,369
M_HL_2__missing,M_HL_2,categorical,one_hot,missing,370
M_HL_3__1,M_HL_3,categorical,one_hot,1,371
M_HL_3__2,M_HL_3,categorical,one_hot,2,372
M_HL_3__3,M_HL_3,categorical,one_hot,3,373
M_HL_3__4,M_HL_3,categorical,one_hot,4,374
M_HL_3__8,M_HL_3,categorical,one_hot,8,375
M_HL_3__9,M_HL_3,categorical,one_hot,9,376
M_HL_3__missing,M_HL_3,categorical,one_hot,missing,377
M_HL_4__1,M_HL_4,categorical,one_hot,1,378
M_HL_4__2,M_HL_4,categorical,one_hot,2,379
M_HL_4__3,M_HL_4,categorical,one_hot,3,380
M_HL_4__4,M_HL_4,categorical,one_hot,4,381
M_HL_4__8,M_HL_4,categorical,one_hot,8,382
M_HL_4__9,M_HL_4,categorical,one_hot,9,383
M_HL_4__missing,M_HL_4,categorical,one_hot,missing,384
M_HL_5__1,M_HL_5,categorical,one_hot,1,385
M_HL_5__2,M_HL_5,categorical,one_hot,2,386
M_HL_5__3,M_HL_5,categorical,one_hot,3,387
M_HL_5__4,M_HL_5,categorical,one_hot,4,388
M_HL_5__8,M_HL_5,categorical,one_hot,8,389
M_HL_5__9,M_HL_5,categorical,one_hot,9,390
M_HL_5__missing,M_HL_5,categorical,one_hot,missing,391
M_HL_6__1,M_HL_6,categorical,one_hot,1,392
M_HL_6__2,M_HL_6,categorical,one_hot,2,393
M_HL_6__3,M_HL_6,categorical,one_hot,3,394
M_HL_6__4,M_HL_6,categorical,one_hot,4,395
M_HL_6__8,M_HL_6,categorical,one_hot,8,396
M_HL_6__9,M_HL_6,categorical,one_hot,9,397
M_HL_6__missing,M_HL_6,categorical,one_hot,missing,398
M_HL_7__1,M_HL_7,categorical,one_hot,1,399
M_HL_7__2,M_HL_7,categorical,one_hot,2,400
M_HL_7__3,M_HL_7,categorical,one_hot,3,401
M_HL_7__4,M_HL_7,categorical,one_hot,4,402
M_HL_7__8,M_HL_7,categorical,one_hot,8,403
M_HL_7__9,M_HL_7,categorical,one_hot,9,404
M_HL_7__missing,M_HL_7,categorical,one_hot,missing,405
M_HL_8__1,M_HL_8,categorical,one_hot,1,406
M_HL_8__2,M_HL_8,categorical,one_hot,2,407
M_HL_8__3,M_HL_8,categorical,one_hot,3,408
M_HL_8__4,M_HL_8,categorical,one_hot,4,409
M_HL_8__8,M_HL_8,categorical,one_hot,8,410
M_HL_8__9,M_HL_8,categorical,one_hot,9,411
M_HL_8__missing,M_HL_8,categorical,one_hot,missing,412
M_HL_9__1,M_HL_9,categorical,one_hot,1,413
M_HL_9__2,M_HL_9,categorical,one_hot,2,414
M_HL_9__3,M_HL_9,categorical,one_hot,3,415
M_HL_9__4,M_HL_9,categorical,one_hot,4,416
M_HL_9__8,M_HL_9,categorical,one_hot,8,417
M_HL_9__9,M_HL_9,categorical,one_hot,9,418
M_HL_9__missing,M_HL_9,categorical,one_hot,missing,419
M_HL_10__1,M_HL_10,categorical,one_hot,1,420
M_HL_10__2,M_HL_10,categorical,one_hot,2,421
M_HL_10__3,M_HL_10,categorical,one_hot,3,422
M_HL_10__4,M_HL_10,categorical,one_hot,4,423
M_HL_10__8,M_HL_10,categorical,one_hot,8,424
M_HL_10__9,M_HL_10,categorical,one_hot,9,425
M_HL_10__missing,M_HL_10,categorical,one_hot,missing,426
M_HL_S__le_bottom,M_HL_S,numerical,indicator,le_bottom,427
M_HL_S__ge_top,M_HL_S,numerical,indicator,ge_top,428
M_HL_S__missing,M_HL_S,numerical,indicator,missing,429
M_HL_S__value,M_HL_S,numerical,continuous,quantile_centered_value,430
M_HL_11__1,M_HL_11,categorical,one_hot,1,431
M_HL_11__2,M_HL_11,categorical,one_hot,2,432
M_HL_11__3,M_HL_11,categorical,one_hot,3,433
M_HL_11__4,M_HL_11,categorical,one_hot,4,434
M_HL_11__8,M_HL_11,categorical,one_hot,8,435
M_HL_11__9,M_HL_11,categorical,one_hot,9,436
M_HL_11__missing,M_HL_11,categorical,one_hot,missing,437
BH9_11__1,BH9_11,categorical,one_hot,1,438
BH9_11__2,BH9_11,categorical,one_hot,2,439
BH9_11__9,BH9_11,categorical,one_hot,9,440
BH9_11__missing,BH9_11,categorical,one_hot,missing,441
BH1__1,BH1,categorical,one_hot,1,442
BH1__2,BH1,categorical,one_hot,2,443
BH1__8,BH1,categorical,one_hot,8,444
BH1__9,BH1,categorical,one_hot,9,445
BH1__missing,BH1,categorical,one_hot,missing,446
BH2_61__1,BH2_61,categorical,one_hot,1,447
BH2_61__2,BH2_61,categorical,one_hot,2,448
BH2_61__8,BH2_61,categorical,one_hot,8,449
BH2_61__9,BH2_61,categorical,one_hot,9,450
BH2_61__missing,BH2_61,categorical,one_hot,missing,451
LQ4_00__1,LQ4_00,categorical,one_hot,1,452
LQ4_00__2,LQ4_00,categorical,one_hot,2,453
LQ4_00__8,LQ4_00,categorical,one_hot,8,454
LQ4_00__9,LQ4_00,categorical,one_hot,9,455
LQ4_00__missing,LQ4_00,categorical,one_hot,missing,456
LQ4_01__0,LQ4_01,categorical,one_hot,0,457
LQ4_01__1,LQ4_01,categorical,one_hot,1,458
LQ4_01__8,LQ4_01,categorical,one_hot,8,459
LQ4_01__9,LQ4_01,categorical,one_hot,9,460
LQ4_01__missing,LQ4_01,categorical,one_hot,missing,461
LQ4_02__0,LQ4_02,categorical,one_hot,0,462
LQ4_02__1,LQ4_02,categorical,one_hot,1,463
LQ4_02__8,LQ4_02,categorical,one_hot,8,464
LQ4_02__9,LQ4_02,categorical,one_hot,9,465
LQ4_02__missing,LQ4_02,categorical,one_hot,missing,466
LQ4_03__0,LQ4_03,categorical,one_hot,0,467
LQ4_03__1,LQ4_03,categorical,one_hot,1,468
LQ4_03__8,LQ4_03,categorical,one_hot,8,469
LQ4_03__9,LQ4_03,categorical,one_hot,9,470
LQ4_03__missing,LQ4_03,categorical,one_hot,missing,471
LQ4_04__0,LQ4_04,categorical,one_hot,0,472
LQ4_04__1,LQ4_04,categorical,one_hot,1,473
LQ4_04__8,LQ4_04,categorical,one_hot,8,474
LQ4_04__9,LQ4_04,categorical,one_hot,9,475
LQ4_04__missing,LQ4_04,categorical,one_hot,missing,476
LQ4_05__0,LQ4_05,categorical,one_hot,0,477
LQ4_05__1,LQ4_05,categorical,one_hot,1,478
LQ4_05__8,LQ4_05,categorical,one_hot,8,479
LQ4_05__9,LQ4_05,categorical,one_hot,9,480
LQ4_05__missing,LQ4_05,categorical,one_hot,missing,481
LQ4_06__0,LQ4_06,categorical,one_hot,0,482
LQ4_06__1,LQ4_06,categorical,one_hot,1,483
LQ4_06__8,LQ4_06,categorical,one_hot,8,484
LQ4_06__9,LQ4_06,categorical,one_hot,9,485
LQ4_06__missing,LQ4_06,categorical,one_hot,missing,486
LQ4_07__0,LQ4_07,categorical,one_hot,0,487
LQ4_07__1,LQ4_07,categorical,one_hot,1,488
LQ4_07__8,LQ4_07,categorical,one_hot,8,489
LQ4_07__9,LQ4_07,categorical,one_hot,9,490
LQ4_07__missing,LQ4_07,categorical,one_hot,missing,491
LQ4_08__0,LQ4_08,categorical,one_hot,0,492
LQ4_08__1,LQ4_08,categorical,one_hot,1,493
LQ4_08__8,LQ4_08,categorical,one_hot,8,494
LQ4_08__9,LQ4_08,categorical,one_hot,9,495
LQ4_08__missing,LQ4_08,categorical,one_hot,missing,496
LQ4_09__0,LQ4_09,categorical,one_hot,0,497
LQ4_09__1,LQ4_09,categorical,one_hot,1,498
LQ4_09__8,LQ4_09,categorical,one_hot,8,499
LQ4_09__9,LQ4_09,categorical,one_hot,9,500
LQ4_09__missing,LQ4_09,categorical,one_hot,missing,501
LQ4_10__0,LQ4_10,categorical,one_hot,0,502
LQ4_10__1,LQ4_10,categorical,one_hot,1,503
LQ4_10__8,LQ4_10,categorical,one_hot,8,504
LQ4_10__9,LQ4_10,categorical,one_hot,9,505
LQ4_10__missing,LQ4_10,categorical,one_hot,missing,506
LQ4_11__0,LQ4_11,categorical,one_hot,0,507
LQ4_11__1,LQ4_11,categorical,one_hot,1,508
LQ4_11__8,LQ4_11,categorical,one_hot,8,509
LQ4_11__9,LQ4_11,categorical,one_hot,9,510
LQ4_11__missing,LQ4_11,categorical,one_hot,missing,511
LQ4_12__0,LQ4_12,categorical,one_hot,0,512
LQ4_12__1,LQ4_12,categorical,one_hot,1,513
LQ4_12__8,LQ4_12,categorical,one_hot,8,514
LQ4_12__9,LQ4_12,categorical,one_hot,9,515
LQ4_12__missing,LQ4_12,categorical,one_hot,missing,516
LQ4_13__0,LQ4_13,categorical,one_hot,0,517
LQ4_13__1,LQ4_13,categorical,one_hot,1,518
LQ4_13__8,LQ4_13,categorical,one_hot,8,519
LQ4_13__9,LQ4_13,categorical,one_hot,9,520
LQ4_13__missing,LQ4_13,categorical,one_hot,missing,521
LQ4_14__0,LQ4_14,categorical,one_hot,0,522
LQ4_14__1,LQ4_14,categorical,one_hot,1,523
LQ4_14__8,LQ4_14,categorical,one_hot,8,524
LQ4_14__9,LQ4_14,categorical,one_hot,9,525
LQ4_14__missing,LQ4_14,categorical,one_hot,missing,526
LQ4_15__0,LQ4_15,categorical,one_hot,0,527
LQ4_15__1,LQ4_15,categorical,one_hot,1,528
LQ4_15__8,LQ4_15,categorical,one_hot,8,529
LQ4_15__9,LQ4_15,categorical,one_hot,9,530
LQ4_15__missing,LQ4_15,categorical,one_hot,missing,531
LQ4_16__0,LQ4_16,categorical,one_hot,0,532
LQ4_16__1,LQ4_16,categorical,one_hot,1,533
LQ4_16__8,LQ4_16,categorical,one_hot,8,534
LQ4_16__9,LQ4_16,categorical,one_hot,9,535
LQ4_16__missing,LQ4_16,categorical,one_hot,missing,536
LQ4_21__0,LQ4_21,categorical,one_hot,0,537
LQ4_21__1,LQ4_21,categorical,one_hot,1,538
LQ4_21__8,LQ4_21,categorical,one_hot,8,539
LQ4_21__9,LQ4_21,categorical,one_hot,9,540
LQ4_21__missing,LQ4_21,categorical,one_hot,missing,541
LQ4_22__0,LQ4_22,categorical,one_hot,0,542
LQ4_22__1,LQ4_22,categorical,one_hot,1,543
LQ4_22__8,LQ4_22,categorical,one_hot,8,544
LQ4_22__9,LQ4_22,categorical,one_hot,9,545
LQ4_22__missing,LQ4_22,categorical,one_hot,missing,546
LQ4_25__0,LQ4_25,categorical,one_hot,0,547
LQ4_25__1,LQ4_25,categorical,one_hot,1,548
LQ4_25__8,LQ4_25,categorical,one_hot,8,549
LQ4_25__9,LQ4_25,categorical,one_hot,9,550
LQ4_25__missing,LQ4_25,categorical,one_hot,missing,551
LQ4_26__0,LQ4_26,categorical,one_hot,0,552
LQ4_26__1,LQ4_26,categorical,one_hot,1,553
LQ4_26__8,LQ4_26,categorical,one_hot,8,554
LQ4_26__9,LQ4_26,categorical,one_hot,9,555
LQ4_26__missing,LQ4_26,categorical,one_hot,missing,556
LQ4_27__0,LQ4_27,categorical,one_hot,0,557
LQ4_27__1,LQ4_27,categorical,one_hot,1,558
LQ4_27__8,LQ4_27,categorical,one_hot,8,559
LQ4_27__9,LQ4_27,categorical,one_hot,9,560
LQ4_27__missing,LQ4_27,categorical,one_hot,missing,561
LQ4_28__0,LQ4_28,categorical,one_hot,0,562
LQ4_28__1,LQ4_28,categorical,one_hot,1,563
LQ4_28__8,LQ4_28,categorical,one_hot,8,564
LQ4_28__9,LQ4_28,categorical,one_hot,9,565
LQ4_28__missing,LQ4_28,categorical,one_hot,missing,566
LQ4_29__0,LQ4_29,categorical,one_hot,0,567
LQ4_29__1,LQ4_29,categorical,one_hot,1,568
LQ4_29__8,LQ4_29,categorical,one_hot,8,569
LQ4_29__9,LQ4_29,categorical,one_hot,9,570
LQ4_29__missing,LQ4_29,categorical,one_hot,missing,571
LQ4_23__0,LQ4_23,categorical,one_hot,0,572
LQ4_23__1,LQ4_23,categorical,one_hot,1,573
LQ4_23__8,LQ4_23,categorical,one_hot,8,574
LQ4_23__9,LQ4_23,categorical,one_hot,9,575
LQ4_23__missing,LQ4_23,categorical,one_hot,missing,576
LQ1_sb__1,LQ1_sb,categorical,one_hot,1,577
LQ1_sb__2,LQ1_sb,categorical,one_hot,2,578
LQ1_sb__8,LQ1_sb,categorical,one_hot,8,579
LQ1_sb__9,LQ1_sb,categorical,one_hot,9,580
LQ1_sb__missing,LQ1_sb,categorical,one_hot,missing,581
LQ1_mn__flag_88,LQ1_mn,numerical,indicator,flag_88,582
LQ1_mn__flag_99,LQ1_mn,numerical,indicator,flag_99,583
LQ1_mn__le_bottom,LQ1_mn,numerical,indicator,le_bottom,584
LQ1_mn__ge_top,LQ1_mn,numerical,indicator,ge_top,585
LQ1_mn__missing,LQ1_mn,numerical,indicator,missing,586
LQ1_mn__value,LQ1_mn,numerical,continuous,quantile_centered_value,587
LQ2_ab__1,LQ2_ab,categorical,one_hot,1,588
LQ2_ab__2,LQ2_ab,categorical,one_hot,2,589
LQ2_ab__8,LQ2_ab,categorical,one_hot,8,590
LQ2_ab__9,LQ2_ab,categorical,one_hot,9,591
LQ2_ab__missing,LQ2_ab,categorical,one_hot,missing,592
LQ2_mn__flag_88,LQ2_mn,numerical,indicator,flag_88,593
LQ2_mn__flag_99,LQ2_mn,numerical,indicator,flag_99,594
LQ2_mn__le_bottom,LQ2_mn,numerical,indicator,le_bottom,595
LQ2_mn__ge_top,LQ2_mn,numerical,indicator,ge_top,596
LQ2_mn__missing,LQ2_mn,numerical,indicator,missing,597
LQ2_mn__value,LQ2_mn,numerical,continuous,quantile_centered_value,598
LQ_1EQL__1,LQ_1EQL,categorical,one_hot,1,599
LQ_1EQL__2,LQ_1EQL,categorical,one_hot,2,600
LQ_1EQL__3,LQ_1EQL,categorical,one_hot,3,601
LQ_1EQL__8,LQ_1EQL,categorical,one_hot,8,602
LQ_1EQL__9,LQ_1EQL,categorical,one_hot,9,603
LQ_1EQL__missing,LQ_1EQL,categorical,one_hot,missing,604
LQ_2EQL__1,LQ_2EQL,categorical,one_hot,1,605
LQ_2EQL__2,LQ_2EQL,categorical,one_hot,2,606
LQ_2EQL__3,LQ_2EQL,categorical,one_hot,3,607
LQ_2EQL__8,LQ_2EQL,categorical,one_hot,8,608
LQ_2EQL__9,LQ_2EQL,categorical,one_hot,9,609
LQ_2EQL__missing,LQ_2EQL,categorical,one_hot,missing,610
LQ_3EQL__1,LQ_3EQL,categorical,one_hot,1,611
LQ_3EQL__2,LQ_3EQL,categorical,one_hot,2,612
LQ_3EQL__3,LQ_3EQL,categorical,one_hot,3,613
LQ_3EQL__8,LQ_3EQL,categorical,one_hot,8,614
LQ_3EQL__9,LQ_3EQL,categorical,one_hot,9,615
LQ_3EQL__missing,LQ_3EQL,categorical,one_hot,missing,616
LQ_4EQL__1,LQ_4EQL,categorical,one_hot,1,617
LQ_4EQL__2,LQ_4EQL,categorical,one_hot,2,618
LQ_4EQL__3,LQ_4EQL,categorical,one_hot,3,619
LQ_4EQL__8,LQ_4EQL,categorical,one_hot,8,620
LQ_4EQL__9,LQ_4EQL,categorical,one_hot,9,621
LQ_4EQL__missing,LQ_4EQL,categorical,one_hot,missing,622
LQ_5EQL__1,LQ_5EQL,categorical,one_hot,1,623
LQ_5EQL__2,LQ_5EQL,categorical,one_hot,2,624
LQ_5EQL__3,LQ_5EQL,categorical,one_hot,3,625
LQ_5EQL__8,LQ_5EQL,categorical,one_hot,8,626
LQ_5EQL__9,LQ_5EQL,categorical,one_hot,9,627
LQ_5EQL__missing,LQ_5EQL,categorical,one_hot,missing,628
EQ5D__le_bottom,EQ5D,numerical,indicator,le_bottom,629
EQ5D__ge_top,EQ5D,numerical,indicator,ge_top,630
EQ5D__missing,EQ5D,numerical,indicator,missing,631
EQ5D__value,EQ5D,numerical,continuous,quantile_centered_value,632
LQ_LF1__0,LQ_LF1,categorical,one_hot,0,633
LQ_LF1__1,LQ_LF1,categorical,one_hot,1,634
LQ_LF1__2,LQ_LF1,categorical,one_hot,2,635
LQ_LF1__3,LQ_LF1,categorical,one_hot,3,636
LQ_LF1__4,LQ_LF1,categorical,one_hot,4,637
LQ_LF1__8,LQ_LF1,categorical,one_hot,8,638
LQ_LF1__9,LQ_LF1,categorical,one_hot,9,639
LQ_LF1__missing,LQ_LF1,categorical,one_hot,missing,640
LQ_LF2__0,LQ_LF2,categorical,one_hot,0,641
LQ_LF2__1,LQ_LF2,categorical,one_hot,1,642
LQ_LF2__2,LQ_LF2,categorical,one_hot,2,643
LQ_LF2__3,LQ_LF2,categorical,one_hot,3,644
LQ_LF2__4,LQ_LF2,categorical,one_hot,4,645
LQ_LF2__8,LQ_LF2,categorical,one_hot,8,646
LQ_LF2__9,LQ_LF2,categorical,one_hot,9,647
LQ_LF2__missing,LQ_LF2,categorical,one_hot,missing,648
LQ_LF3__0,LQ_LF3,categorical,one_hot,0,649
LQ_LF3__1,LQ_LF3,categorical,one_hot,1,650
LQ_LF3__2,LQ_LF3,categorical,one_hot,2,651
LQ_LF3__3,LQ_LF3,categorical,one_hot,3,652
LQ_LF3__4,LQ_LF3,categorical,one_hot,4,653
LQ_LF3__8,LQ_LF3,categorical,one_hot,8,654
LQ_LF3__9,LQ_LF3,categorical,one_hot,9,655
LQ_LF3__missing,LQ_LF3,categorical,one_hot,missing,656
LQ_LF4__0,LQ_LF4,categorical,one_hot,0,657
LQ_LF4__1,LQ_LF4,categorical,one_hot,1,658
LQ_LF4__2,LQ_LF4,categorical,one_hot,2,659
LQ_LF4__3,LQ_LF4,categorical,one_hot,3,660
LQ_LF4__4,LQ_LF4,categorical,one_hot,4,661
LQ_LF4__8,LQ_LF4,categorical,one_hot,8,662
LQ_LF4__9,LQ_LF4,categorical,one_hot,9,663
LQ_LF4__missing,LQ_LF4,categorical,one_hot,missing,664
LQ_LF5__0,LQ_LF5,categorical,one_hot,0,665
LQ_LF5__1,LQ_LF5,categorical,one_hot,1,666
LQ_LF5__2,LQ_LF5,categorical,one_hot,2,667
LQ_LF5__3,LQ_LF5,categorical,one_hot,3,668
LQ_LF5__4,LQ_LF5,categorical,one_hot,4,669
LQ_LF5__8,LQ_LF5,categorical,one_hot,8,670
LQ_LF5__9,LQ_LF5,categorical,one_hot,9,671
LQ_LF5__missing,LQ_LF5,categorical,one_hot,missing,672
LQ_LF6__0,LQ_LF6,categorical,one_hot,0,673
LQ_LF6__1,LQ_LF6,categorical,one_hot,1,674
LQ_LF6__2,LQ_LF6,categorical,one_hot,2,675
LQ_LF6__3,LQ_LF6,categorical,one_hot,3,676
LQ_LF6__4,LQ_LF6,categorical,one_hot,4,677
LQ_LF6__8,LQ_LF6,categorical,one_hot,8,678
LQ_LF6__9,LQ_LF6,categorical,one_hot,9,679
LQ_LF6__missing,LQ_LF6,categorical,one_hot,missing,680
LQ_LF7__0,LQ_LF7,categorical,one_hot,0,681
LQ_LF7__1,LQ_LF7,categorical,one_hot,1,682
LQ_LF7__2,LQ_LF7,categorical,one_hot,2,683
LQ_LF7__3,LQ_LF7,categorical,one_hot,3,684
LQ_LF7__4,LQ_LF7,categorical,one_hot,4,685
LQ_LF7__8,LQ_LF7,categorical,one_hot,8,686
LQ_LF7__9,LQ_LF7,categorical,one_hot,9,687
LQ_LF7__missing,LQ_LF7,categorical,one_hot,missing,688
LQ_LF8__0,LQ_LF8,categorical,one_hot,0,689
LQ_LF8__1,LQ_LF8,categorical,one_hot,1,690
LQ_LF8__2,LQ_LF8,categorical,one_hot,2,691
LQ_LF8__3,LQ_LF8,categorical,one_hot,3,692
LQ_LF8__4,LQ_LF8,categorical,one_hot,4,693
LQ_LF8__8,LQ_LF8,categorical,one_hot,8,694
LQ_LF8__9,LQ_LF8,categorical,one_hot,9,695
LQ_LF8__missing,LQ_LF8,categorical,one_hot,missing,696
LQ_LF9__0,LQ_LF9,categorical,one_hot,0,697
LQ_LF9__1,LQ_LF9,categorical,one_hot,1,698
LQ_LF9__2,LQ_LF9,categorical,one_hot,2,699
LQ_LF9__3,LQ_LF9,categorical,one_hot,3,700
LQ_LF9__4,LQ_LF9,categorical,one_hot,4,701
LQ_LF9__8,LQ_LF9,categorical,one_hot,8,702
LQ_LF9__9,LQ_LF9,categorical,one_hot,9,703
LQ_LF9__missing,LQ_LF9,categorical,one_hot,missing,704
LQ_LF10__0,LQ_LF10,categorical,one_hot,0,705
LQ_LF10__1,LQ_LF10,categorical,one_hot,1,706
LQ_LF10__2,LQ_LF10,categorical,one_hot,2,707
LQ_LF10__3,LQ_LF10,categorical,one_hot,3,708
LQ_LF10__4,LQ_LF10,categorical,one_hot,4,709
LQ_LF10__8,LQ_LF10,categorical,one_hot,8,710
LQ_LF10__9,LQ_LF10,categorical,one_hot,9,711
LQ_LF10__missing,LQ_LF10,categorical,one_hot,missing,712
LQ_LF_S__le_bottom,LQ_LF_S,numerical,indicator,le_bottom,713
LQ_LF_S__ge_top,LQ_LF_S,numerical,indicator,ge_top,714
LQ_LF_S__missing,LQ_LF_S,numerical,indicator,missing,715
LQ_LF_S__value,LQ_LF_S,numerical,continuous,quantile_centered_value,716
AC1_yr__1,AC1_yr,categorical,one_hot,1,717
AC1_yr__2,AC1_yr,categorical,one_hot,2,718
AC1_yr__9,AC1_yr,categorical,one_hot,9,719
AC1_yr__missing,AC1_yr,categorical,one_hot,missing,720
AC3__le_bottom,AC3,numerical,indicator,le_bottom,721
AC3__ge_top,AC3,numerical,indicator,ge_top,722
AC3__missing,AC3,numerical,indicator,missing,723
AC3__value,AC3,numerical,continuous,quantile_centered_value,724
AC3_1_01__flag_9999,AC3_1_01,numerical,indicator,flag_9999,725
AC3_1_01__le_bottom,AC3_1_01,numerical,indicator,le_bottom,726
AC3_1_01__ge_top,AC3_1_01,numerical,indicator,ge_top,727
AC3_1_01__missing,AC3_1_01,numerical,indicator,missing,728
AC3_1_01__value,AC3_1_01,numerical,continuous,quantile_centered_value,729
AC3_2_01__le_bottom,AC3_2_01,numerical,indicator,le_bottom,730
AC3_2_01__ge_top,AC3_2_01,numerical,indicator,ge_top,731
AC3_2_01__missing,AC3_2_01,numerical,indicator,missing,732
AC3_2_01__value,AC3_2_01,numerical,continuous,quantile_centered_value,733
AC8_1_01__1,AC8_1_01,categorical,one_hot,1,734
AC8_1_01__2,AC8_1_01,categorical,one_hot,2,735
AC8_1_01__3,AC8_1_01,categorical,one_hot,3,736
AC8_1_01__4,AC8_1_01,categorical,one_hot,4,737
AC8_1_01__9,AC8_1_01,categorical,one_hot,9,738
AC8_1_01__missing,AC8_1_01,categorical,one_hot,missing,739
AC8_2w_01__1,AC8_2w_01,categorical,one_hot,1,740
AC8_2w_01__2,AC8_2w_01,categorical,one_hot,2,741
AC8_2w_01__9,AC8_2w_01,categorical,one_hot,9,742
AC8_2w_01__missing,AC8_2w_01,categorical,one_hot,missing,743
AC8_2_01__flag_888,AC8_2_01,numerical,indicator,flag_888,744
AC8_2_01__flag_999,AC8_2_01,numerical,indicator,flag_999,745
AC8_2_01__le_bottom,AC8_2_01,numerical,indicator,le_bottom,746
AC8_2_01__ge_top,AC8_2_01,numerical,indicator,ge_top,747
AC8_2_01__missing,AC8_2_01,numerical,indicator,missing,748
AC8_2_01__value,AC8_2_01,numerical,continuous,quantile_centered_value,749
AC8_3w_01__1,AC8_3w_01,categorical,one_hot,1,750
AC8_3w_01__2,AC8_3w_01,categorical,one_hot,2,751
AC8_3w_01__8,AC8_3w_01,categorical,one_hot,8,752
AC8_3w_01__9,AC8_3w_01,categorical,one_hot,9,753
AC8_3w_01__missing,AC8_3w_01,categorical,one_hot,missing,754
AC8_3_01__flag_888,AC8_3_01,numerical,indicator,flag_888,755
AC8_3_01__flag_999,AC8_3_01,numerical,indicator,flag_999,756
AC8_3_01__le_bottom,AC8_3_01,numerical,indicator,le_bottom,757
AC8_3_01__ge_top,AC8_3_01,numerical,indicator,ge_top,758
AC8_3_01__missing,AC8_3_01,numerical,indicator,missing,759
AC8_3_01__value,AC8_3_01,numerical,continuous,quantile_centered_value,760
AC3_1_02__flag_9999,AC3_1_02,numerical,indicator,flag_9999,761
AC3_1_02__le_bottom,AC3_1_02,numerical,indicator,le_bottom,762
AC3_1_02__ge_top,AC3_1_02,numerical,indicator,ge_top,763
AC3_1_02__missing,AC3_1_02,numerical,indicator,missing,764
AC3_1_02__value,AC3_1_02,numerical,continuous,quantile_centered_value,765
AC3_2_02__le_bottom,AC3_2_02,numerical,indicator,le_bottom,766
AC3_2_02__ge_top,AC3_2_02,numerical,indicator,ge_top,767
AC3_2_02__missing,AC3_2_02,numerical,indicator,missing,768
AC3_2_02__value,AC3_2_02,numerical,continuous,quantile_centered_value,769
AC8_1_02__1,AC8_1_02,categorical,one_hot,1,770
AC8_1_02__2,AC8_1_02,categorical,one_hot,2,771
AC8_1_02__3,AC8_1_02,categorical,one_hot,3,772
AC8_1_02__4,AC8_1_02,categorical,one_hot,4,773
AC8_1_02__9,AC8_1_02,categorical,one_hot,9,774
AC8_1_02__missing,AC8_1_02,categorical,one_hot,missing,775
AC8_2w_02__1,AC8_2w_02,categorical,one_hot,1,776
AC8_2w_02__2,AC8_2w_02,categorical,one_hot,2,777
AC8_2w_02__9,AC8_2w_02,categorical,one_hot,9,778
AC8_2w_02__missing,AC8_2w_02,categorical,one_hot,missing,779
AC8_2_02__flag_888,AC8_2_02,numerical,indicator,flag_888,780
AC8_2_02__flag_999,AC8_2_02,numerical,indicator,flag_999,781
AC8_2_02__le_bottom,AC8_2_02,numerical,indicator,le_bottom,782
AC8_2_02__ge_top,AC8_2_02,numerical,indicator,ge_top,783
AC8_2_02__missing,AC8_2_02,numerical,indicator,missing,784
AC8_2_02__value,AC8_2_02,numerical,continuous,quantile_centered_value,785
AC8_3w_02__1,AC8_3w_02,categorical,one_hot,1,786
AC8_3w_02__2,AC8_3w_02,categorical,one_hot,2,787
AC8_3w_02__8,AC8_3w_02,categorical,one_hot,8,788
AC8_3w_02__9,AC8_3w_02,categorical,one_hot,9,789
AC8_3w_02__missing,AC8_3w_02,categorical,one_hot,missing,790
AC8_3_02__flag_888,AC8_3_02,numerical,indicator,flag_888,791
AC8_3_02__flag_999,AC8_3_02,numerical,indicator,flag_999,792
AC8_3_02__le_bottom,AC8_3_02,numerical,indicator,le_bottom,793
AC8_3_02__ge_top,AC8_3_02,numerical,indicator,ge_top,794
AC8_3_02__missing,AC8_3_02,numerical,indicator,missing,795
AC8_3_02__value,AC8_3_02,numerical,continuous,quantile_centered_value,796
AC3_1_03__flag_9999,AC3_1_03,numerical,indicator,flag_9999,797
AC3_1_03__le_bottom,AC3_1_03,numerical,indicator,le_bottom,798
AC3_1_03__ge_top,AC3_1_03,numerical,indicator,ge_top,799
AC3_1_03__missing,AC3_1_03,numerical,indicator,missing,800
AC3_1_03__value,AC3_1_03,numerical,continuous,quantile_centered_value,801
AC3_2_03__le_bottom,AC3_2_03,numerical,indicator,le_bottom,802
AC3_2_03__ge_top,AC3_2_03,numerical,indicator,ge_top,803
AC3_2_03__missing,AC3_2_03,numerical,indicator,missing,804
AC3_2_03__value,AC3_2_03,numerical,continuous,quantile_centered_value,805
AC8_1_03__1,AC8_1_03,categorical,one_hot,1,806
AC8_1_03__2,AC8_1_03,categorical,one_hot,2,807
AC8_1_03__3,AC8_1_03,categorical,one_hot,3,808
AC8_1_03__4,AC8_1_03,categorical,one_hot,4,809
AC8_1_03__9,AC8_1_03,categorical,one_hot,9,810
AC8_1_03__missing,AC8_1_03,categorical,one_hot,missing,811
AC8_2w_03__1,AC8_2w_03,categorical,one_hot,1,812
AC8_2w_03__2,AC8_2w_03,categorical,one_hot,2,813
AC8_2w_03__9,AC8_2w_03,categorical,one_hot,9,814
AC8_2w_03__missing,AC8_2w_03,categorical,one_hot,missing,815
AC8_2_03__flag_888,AC8_2_03,numerical,indicator,flag_888,816
AC8_2_03__flag_999,AC8_2_03,numerical,indicator,flag_999,817
AC8_2_03__le_bottom,AC8_2_03,numerical,indicator,le_bottom,818
AC8_2_03__ge_top,AC8_2_03,numerical,indicator,ge_top,819
AC8_2_03__missing,AC8_2_03,numerical,indicator,missing,820
AC8_2_03__value,AC8_2_03,numerical,continuous,quantile_centered_value,821
AC8_3w_03__1,AC8_3w_03,categorical,one_hot,1,822
AC8_3w_03__2,AC8_3w_03,categorical,one_hot,2,823
AC8_3w_03__8,AC8_3w_03,categorical,one_hot,8,824
AC8_3w_03__9,AC8_3w_03,categorical,one_hot,9,825
AC8_3w_03__missing,AC8_3w_03,categorical,one_hot,missing,826
AC8_3_03__flag_888,AC8_3_03,numerical,indicator,flag_888,827
AC8_3_03__flag_999,AC8_3_03,numerical,indicator,flag_999,828
AC8_3_03__le_bottom,AC8_3_03,numerical,indicator,le_bottom,829
AC8_3_03__ge_top,AC8_3_03,numerical,indicator,ge_top,830
AC8_3_03__missing,AC8_3_03,numerical,indicator,missing,831
AC8_3_03__value,AC8_3_03,numerical,continuous,quantile_centered_value,832
AC3_1_04__flag_9999,AC3_1_04,numerical,indicator,flag_9999,833
AC3_1_04__le_bottom,AC3_1_04,numerical,indicator,le_bottom,834
AC3_1_04__ge_top,AC3_1_04,numerical,indicator,ge_top,835
AC3_1_04__missing,AC3_1_04,numerical,indicator,missing,836
AC3_1_04__value,AC3_1_04,numerical,continuous,quantile_centered_value,837
AC3_2_04__le_bottom,AC3_2_04,numerical,indicator,le_bottom,838
AC3_2_04__ge_top,AC3_2_04,numerical,indicator,ge_top,839
AC3_2_04__missing,AC3_2_04,numerical,indicator,missing,840
AC3_2_04__value,AC3_2_04,numerical,continuous,quantile_centered_value,841
AC8_1_04__1,AC8_1_04,categorical,one_hot,1,842
AC8_1_04__2,AC8_1_04,categorical,one_hot,2,843
AC8_1_04__3,AC8_1_04,categorical,one_hot,3,844
AC8_1_04__4,AC8_1_04,categorical,one_hot,4,845
AC8_1_04__9,AC8_1_04,categorical,one_hot,9,846
AC8_1_04__missing,AC8_1_04,categorical,one_hot,missing,847
AC8_2w_04__1,AC8_2w_04,categorical,one_hot,1,848
AC8_2w_04__2,AC8_2w_04,categorical,one_hot,2,849
AC8_2w_04__9,AC8_2w_04,categorical,one_hot,9,850
AC8_2w_04__missing,AC8_2w_04,categorical,one_hot,missing,851
AC8_2_04__flag_888,AC8_2_04,numerical,indicator,flag_888,852
AC8_2_04__flag_999,AC8_2_04,numerical,indicator,flag_999,853
AC8_2_04__le_bottom,AC8_2_04,numerical,indicator,le_bottom,854
AC8_2_04__ge_top,AC8_2_04,numerical,indicator,ge_top,855
AC8_2_04__missing,AC8_2_04,numerical,indicator,missing,856
AC8_2_04__value,AC8_2_04,numerical,continuous,quantile_centered_value,857
AC8_3w_04__1,AC8_3w_04,categorical,one_hot,1,858
AC8_3w_04__2,AC8_3w_04,categorical,one_hot,2,859
AC8_3w_04__8,AC8_3w_04,categorical,one_hot,8,860
AC8_3w_04__9,AC8_3w_04,categorical,one_hot,9,861
AC8_3w_04__missing,AC8_3w_04,categorical,one_hot,missing,862
AC8_3_04__flag_888,AC8_3_04,numerical,indicator,flag_888,863
AC8_3_04__flag_999,AC8_3_04,numerical,indicator,flag_999,864
AC8_3_04__le_bottom,AC8_3_04,numerical,indicator,le_bottom,865
AC8_3_04__ge_top,AC8_3_04,numerical,indicator,ge_top,866
AC8_3_04__missing,AC8_3_04,numerical,indicator,missing,867
AC8_3_04__value,AC8_3_04,numerical,continuous,quantile_centered_value,868
AC3_1_05__flag_9999,AC3_1_05,numerical,indicator,flag_9999,869
AC3_1_05__le_bottom,AC3_1_05,numerical,indicator,le_bottom,870
AC3_1_05__ge_top,AC3_1_05,numerical,indicator,ge_top,871
AC3_1_05__missing,AC3_1_05,numerical,indicator,missing,872
AC3_1_05__value,AC3_1_05,numerical,continuous,quantile_centered_value,873
AC3_2_05__le_bottom,AC3_2_05,numerical,indicator,le_bottom,874
AC3_2_05__ge_top,AC3_2_05,numerical,indicator,ge_top,875
AC3_2_05__missing,AC3_2_05,numerical,indicator,missing,876
AC3_2_05__value,AC3_2_05,numerical,continuous,quantile_centered_value,877
AC8_1_05__1,AC8_1_05,categorical,one_hot,1,878
AC8_1_05__2,AC8_1_05,categorical,one_hot,2,879
AC8_1_05__3,AC8_1_05,categorical,one_hot,3,880
AC8_1_05__4,AC8_1_05,categorical,one_hot,4,881
AC8_1_05__9,AC8_1_05,categorical,one_hot,9,882
AC8_1_05__missing,AC8_1_05,categorical,one_hot,missing,883
AC8_2w_05__1,AC8_2w_05,categorical,one_hot,1,884
AC8_2w_05__2,AC8_2w_05,categorical,one_hot,2,885
AC8_2w_05__9,AC8_2w_05,categorical,one_hot,9,886
AC8_2w_05__missing,AC8_2w_05,categorical,one_hot,missing,887
AC8_2_05__flag_888,AC8_2_05,numerical,indicator,flag_888,888
AC8_2_05__flag_999,AC8_2_05,numerical,indicator,flag_999,889
AC8_2_05__le_bottom,AC8_2_05,numerical,indicator,le_bottom,890
AC8_2_05__ge_top,AC8_2_05,numerical,indicator,ge_top,891
AC8_2_05__missing,AC8_2_05,numerical,indicator,missing,892
AC8_2_05__value,AC8_2_05,numerical,continuous,quantile_centered_value,893
AC8_3w_05__1,AC8_3w_05,categorical,one_hot,1,894
AC8_3w_05__2,AC8_3w_05,categorical,one_hot,2,895
AC8_3w_05__8,AC8_3w_05,categorical,one_hot,8,896
AC8_3w_05__9,AC8_3w_05,categorical,one_hot,9,897
AC8_3w_05__missing,AC8_3w_05,categorical,one_hot,missing,898
AC8_3_05__flag_888,AC8_3_05,numerical,indicator,flag_888,899
AC8_3_05__flag_999,AC8_3_05,numerical,indicator,flag_999,900
AC8_3_05__le_bottom,AC8_3_05,numerical,indicator,le_bottom,901
AC8_3_05__ge_top,AC8_3_05,numerical,indicator,ge_top,902
AC8_3_05__missing,AC8_3_05,numerical,indicator,missing,903
AC8_3_05__value,AC8_3_05,numerical,continuous,quantile_centered_value,904
AC3_1_06__flag_9999,AC3_1_06,numerical,indicator,flag_9999,905
AC3_1_06__le_bottom,AC3_1_06,numerical,indicator,le_bottom,906
AC3_1_06__ge_top,AC3_1_06,numerical,indicator,ge_top,907
AC3_1_06__missing,AC3_1_06,numerical,indicator,missing,908
AC3_1_06__value,AC3_1_06,numerical,continuous,quantile_centered_value,909
AC3_2_06__le_bottom,AC3_2_06,numerical,indicator,le_bottom,910
AC3_2_06__ge_top,AC3_2_06,numerical,indicator,ge_top,911
AC3_2_06__missing,AC3_2_06,numerical,indicator,missing,912
AC3_2_06__value,AC3_2_06,numerical,continuous,quantile_centered_value,913
AC8_1_06__1,AC8_1_06,categorical,one_hot,1,914
AC8_1_06__2,AC8_1_06,categorical,one_hot,2,915
AC8_1_06__3,AC8_1_06,categorical,one_hot,3,916
AC8_1_06__4,AC8_1_06,categorical,one_hot,4,917
AC8_1_06__9,AC8_1_06,categorical,one_hot,9,918
AC8_1_06__missing,AC8_1_06,categorical,one_hot,missing,919
AC8_2w_06__1,AC8_2w_06,categorical,one_hot,1,920
AC8_2w_06__2,AC8_2w_06,categorical,one_hot,2,921
AC8_2w_06__9,AC8_2w_06,categorical,one_hot,9,922
AC8_2w_06__missing,AC8_2w_06,categorical,one_hot,missing,923
AC8_2_06__flag_888,AC8_2_06,numerical,indicator,flag_888,924
AC8_2_06__flag_999,AC8_2_06,numerical,indicator,flag_999,925
AC8_2_06__le_bottom,AC8_2_06,numerical,indicator,le_bottom,926
AC8_2_06__ge_top,AC8_2_06,numerical,indicator,ge_top,927
AC8_2_06__missing,AC8_2_06,numerical,indicator,missing,928
AC8_2_06__value,AC8_2_06,numerical,continuous,quantile_centered_value,929
AC8_3w_06__1,AC8_3w_06,categorical,one_hot,1,930
AC8_3w_06__2,AC8_3w_06,categorical,one_hot,2,931
AC8_3w_06__8,AC8_3w_06,categorical,one_hot,8,932
AC8_3w_06__9,AC8_3w_06,categorical,one_hot,9,933
AC8_3w_06__missing,AC8_3w_06,categorical,one_hot,missing,934
AC8_3_06__flag_888,AC8_3_06,numerical,indicator,flag_888,935
AC8_3_06__flag_999,AC8_3_06,numerical,indicator,flag_999,936
AC8_3_06__le_bottom,AC8_3_06,numerical,indicator,le_bottom,937
AC8_3_06__ge_top,AC8_3_06,numerical,indicator,ge_top,938
AC8_3_06__missing,AC8_3_06,numerical,indicator,missing,939
AC8_3_06__value,AC8_3_06,numerical,continuous,quantile_centered_value,940
ij_expr__0,ij_expr,categorical,one_hot,0,941
ij_expr__1,ij_expr,categorical,one_hot,1,942
ij_expr__missing,ij_expr,categorical,one_hot,missing,943
MH1_yr__1,MH1_yr,categorical,one_hot,1,944
MH1_yr__2,MH1_yr,categorical,one_hot,2,945
MH1_yr__9,MH1_yr,categorical,one_hot,9,946
MH1_yr__missing,MH1_yr,categorical,one_hot,missing,947
MH1_1__flag_88,MH1_1,numerical,indicator,flag_88,948
MH1_1__flag_99,MH1_1,numerical,indicator,flag_99,949
MH1_1__le_bottom,MH1_1,numerical,indicator,le_bottom,950
MH1_1__ge_top,MH1_1,numerical,indicator,ge_top,951
MH1_1__missing,MH1_1,numerical,indicator,missing,952
MH1_1__value,MH1_1,numerical,continuous,quantile_centered_value,953
MO1_wk__1,MO1_wk,categorical,one_hot,1,954
MO1_wk__2,MO1_wk,categorical,one_hot,2,955
MO1_wk__9,MO1_wk,categorical,one_hot,9,956
MO1_wk__missing,MO1_wk,categorical,one_hot,missing,957
MO1_1__flag_88,MO1_1,numerical,indicator,flag_88,958
MO1_1__flag_99,MO1_1,numerical,indicator,flag_99,959
MO1_1__le_bottom,MO1_1,numerical,indicator,le_bottom,960
MO1_1__ge_top,MO1_1,numerical,indicator,ge_top,961
MO1_1__missing,MO1_1,numerical,indicator,missing,962
MO1_1__value,MO1_1,numerical,continuous,quantile_centered_value,963
educ__1,educ,categorical,one_hot,1,964
educ__2,educ,categorical,one_hot,2,965
educ__3,educ,categorical,one_hot,3,966
educ__4,educ,categorical,one_hot,4,967
educ__5,educ,categorical,one_hot,5,968
educ__6,educ,categorical,one_hot,6,969
educ__7,educ,categorical,one_hot,7,970
educ__8,educ,categorical,one_hot,8,971
educ__88,educ,categorical,one_hot,88,972
educ__99,educ,categorical,one_hot,99,973
educ__missing,educ,categorical,one_hot,missing,974
graduat__1,graduat,categorical,one_hot,1,975
graduat__2,graduat,categorical,one_hot,2,976
graduat__3,graduat,categorical,one_hot,3,977
graduat__4,graduat,categorical,one_hot,4,978
graduat__8,graduat,categorical,one_hot,8,979
graduat__9,graduat,categorical,one_hot,9,980
graduat__missing,graduat,categorical,one_hot,missing,981
EC_pedu_1__1,EC_pedu_1,categorical,one_hot,1,982
EC_pedu_1__2,EC_pedu_1,categorical,one_hot,2,983
EC_pedu_1__3,EC_pedu_1,categorical,one_hot,3,984
EC_pedu_1__4,EC_pedu_1,categorical,one_hot,4,985
EC_pedu_1__5,EC_pedu_1,categorical,one_hot,5,986
EC_pedu_1__6,EC_pedu_1,categorical,one_hot,6,987
EC_pedu_1__7,EC_pedu_1,categorical,one_hot,7,988
EC_pedu_1__8,EC_pedu_1,categorical,one_hot,8,989
EC_pedu_1__88,EC_pedu_1,categorical,one_hot,88,990
EC_pedu_1__99,EC_pedu_1,categorical,one_hot,99,991
EC_pedu_1__missing,EC_pedu_1,categorical,one_hot,missing,992
EC_pedu_2__1,EC_pedu_2,categorical,one_hot,1,993
EC_pedu_2__2,EC_pedu_2,categorical,one_hot,2,994
EC_pedu_2__3,EC_pedu_2,categorical,one_hot,3,995
EC_pedu_2__4,EC_pedu_2,categorical,one_hot,4,996
EC_pedu_2__5,EC_pedu_2,categorical,one_hot,5,997
EC_pedu_2__6,EC_pedu_2,categorical,one_hot,6,998
EC_pedu_2__7,EC_pedu_2,categorical,one_hot,7,999
EC_pedu_2__8,EC_pedu_2,categorical,one_hot,8,1000
EC_pedu_2__88,EC_pedu_2,categorical,one_hot,88,1001
EC_pedu_2__99,EC_pedu_2,categorical,one_hot,99,1002
EC_pedu_2__missing,EC_pedu_2,categorical,one_hot,missing,1003
CH2_1__1,CH2_1,categorical,one_hot,1,1004
CH2_1__2,CH2_1,categorical,one_hot,2,1005
CH2_1__3,CH2_1,categorical,one_hot,3,1006
CH2_1__8,CH2_1,categorical,one_hot,8,1007
CH2_1__9,CH2_1,categorical,one_hot,9,1008
CH2_1__missing,CH2_1,categorical,one_hot,missing,1009
CH2_2__1,CH2_2,categorical,one_hot,1,1010
CH2_2__2,CH2_2,categorical,one_hot,2,1011
CH2_2__3,CH2_2,categorical,one_hot,3,1012
CH2_2__4,CH2_2,categorical,one_hot,4,1013
CH2_2__8,CH2_2,categorical,one_hot,8,1014
CH2_2__9,CH2_2,categorical,one_hot,9,1015
CH2_2__missing,CH2_2,categorical,one_hot,missing,1016
EC1_1__1,EC1_1,categorical,one_hot,1,1017
EC1_1__2,EC1_1,categorical,one_hot,2,1018
EC1_1__8,EC1_1,categorical,one_hot,8,1019
EC1_1__9,EC1_1,categorical,one_hot,9,1020
EC1_1__missing,EC1_1,categorical,one_hot,missing,1021
EC_occp__1,EC_occp,categorical,one_hot,1,1022
EC_occp__2,EC_occp,categorical,one_hot,2,1023
EC_occp__3,EC_occp,categorical,one_hot,3,1024
EC_occp__4,EC_occp,categorical,one_hot,4,1025
EC_occp__5,EC_occp,categorical,one_hot,5,1026
EC_occp__6,EC_occp,categorical,one_hot,6,1027
EC_occp__7,EC_occp,categorical,one_hot,7,1028
EC_occp__8,EC_occp,categorical,one_hot,8,1029
EC_occp__9,EC_occp,categorical,one_hot,9,1030
EC_occp__10,EC_occp,categorical,one_hot,10,1031
EC_occp__88,EC_occp,categorical,one_hot,88,1032
EC_occp__99,EC_occp,categorical,one_hot,99,1033
EC_occp__missing,EC_occp,categorical,one_hot,missing,1034
EC_stt_1__1,EC_stt_1,categorical,one_hot,1,1035
EC_stt_1__2,EC_stt_1,categorical,one_hot,2,1036
EC_stt_1__3,EC_stt_1,categorical,one_hot,3,1037
EC_stt_1__4,EC_stt_1,categorical,one_hot,4,1038
EC_stt_1__8,EC_stt_1,categorical,one_hot,8,1039
EC_stt_1__9,EC_stt_1,categorical,one_hot,9,1040
EC_stt_1__missing,EC_stt_1,categorical,one_hot,missing,1041
EC_stt_2__1,EC_stt_2,categorical,one_hot,1,1042
EC_stt_2__2,EC_stt_2,categorical,one_hot,2,1043
EC_stt_2__3,EC_stt_2,categorical,one_hot,3,1044
EC_stt_2__8,EC_stt_2,categorical,one_hot,8,1045
EC_stt_2__9,EC_stt_2,categorical,one_hot,9,1046
EC_stt_2__missing,EC_stt_2,categorical,one_hot,missing,1047
EC_wht_0__1,EC_wht_0,categorical,one_hot,1,1048
EC_wht_0__2,EC_wht_0,categorical,one_hot,2,1049
EC_wht_0__8,EC_wht_0,categorical,one_hot,8,1050
EC_wht_0__9,EC_wht_0,categorical,one_hot,9,1051
EC_wht_0__missing,EC_wht_0,categorical,one_hot,missing,1052
EC_wht_23__flag_888,EC_wht_23,numerical,indicator,flag_888,1053
EC_wht_23__flag_999,EC_wht_23,numerical,indicator,flag_999,1054
EC_wht_23__le_bottom,EC_wht_23,numerical,indicator,le_bottom,1055
EC_wht_23__ge_top,EC_wht_23,numerical,indicator,ge_top,1056
EC_wht_23__missing,EC_wht_23,numerical,indicator,missing,1057
EC_wht_23__value,EC_wht_23,numerical,continuous,quantile_centered_value,1058
EC_wht_5__1,EC_wht_5,categorical,one_hot,1,1059
EC_wht_5__2,EC_wht_5,categorical,one_hot,2,1060
EC_wht_5__3,EC_wht_5,categorical,one_hot,3,1061
EC_wht_5__4,EC_wht_5,categorical,one_hot,4,1062
EC_wht_5__5,EC_wht_5,categorical,one_hot,5,1063
EC_wht_5__6,EC_wht_5,categorical,one_hot,6,1064
EC_wht_5__7,EC_wht_5,categorical,one_hot,7,1065
EC_wht_5__8,EC_wht_5,categorical,one_hot,8,1066
EC_wht_5__88,EC_wht_5,categorical,one_hot,88,1067
EC_wht_5__99,EC_wht_5,categorical,one_hot,99,1068
EC_wht_5__missing,EC_wht_5,categorical,one_hot,missing,1069
EC_lgw_2__1,EC_lgw_2,categorical,one_hot,1,1070
EC_lgw_2__2,EC_lgw_2,categorical,one_hot,2,1071
EC_lgw_2__3,EC_lgw_2,categorical,one_hot,3,1072
EC_lgw_2__4,EC_lgw_2,categorical,one_hot,4,1073
EC_lgw_2__5,EC_lgw_2,categorical,one_hot,5,1074
EC_lgw_2__6,EC_lgw_2,categorical,one_hot,6,1075
EC_lgw_2__7,EC_lgw_2,categorical,one_hot,7,1076
EC_lgw_2__8,EC_lgw_2,categorical,one_hot,8,1077
EC_lgw_2__9,EC_lgw_2,categorical,one_hot,9,1078
EC_lgw_2__10,EC_lgw_2,categorical,one_hot,10,1079
EC_lgw_2__88,EC_lgw_2,categorical,one_hot,88,1080
EC_lgw_2__99,EC_lgw_2,categorical,one_hot,99,1081
EC_lgw_2__missing,EC_lgw_2,categorical,one_hot,missing,1082
EC_lgw_4__1,EC_lgw_4,categorical,one_hot,1,1083
EC_lgw_4__2,EC_lgw_4,categorical,one_hot,2,1084
EC_lgw_4__3,EC_lgw_4,categorical,one_hot,3,1085
EC_lgw_4__4,EC_lgw_4,categorical,one_hot,4,1086
EC_lgw_4__8,EC_lgw_4,categorical,one_hot,8,1087
EC_lgw_4__9,EC_lgw_4,categorical,one_hot,9,1088
EC_lgw_4__missing,EC_lgw_4,categorical,one_hot,missing,1089
EC_lgw_5__1,EC_lgw_5,categorical,one_hot,1,1090
EC_lgw_5__2,EC_lgw_5,categorical,one_hot,2,1091
EC_lgw_5__3,EC_lgw_5,categorical,one_hot,3,1092
EC_lgw_5__8,EC_lgw_5,categorical,one_hot,8,1093
EC_lgw_5__9,EC_lgw_5,categorical,one_hot,9,1094
EC_lgw_5__missing,EC_lgw_5,categorical,one_hot,missing,1095
BO1__1,BO1,categorical,one_hot,1,1096
BO1__2,BO1,categorical,one_hot,2,1097
BO1__3,BO1,categorical,one_hot,3,1098
BO1__4,BO1,categorical,one_hot,4,1099
BO1__5,BO1,categorical,one_hot,5,1100
BO1__8,BO1,categorical,one_hot,8,1101
BO1__9,BO1,categorical,one_hot,9,1102
BO1__missing,BO1,categorical,one_hot,missing,1103
BO1_1__1,BO1_1,categorical,one_hot,1,1104
BO1_1__2,BO1_1,categorical,one_hot,2,1105
BO1_1__3,BO1_1,categorical,one_hot,3,1106
BO1_1__8,BO1_1,categorical,one_hot,8,1107
BO1_1__9,BO1_1,categorical,one_hot,9,1108
BO1_1__missing,BO1_1,categorical,one_hot,missing,1109
BO1_2__le_bottom,BO1_2,numerical,indicator,le_bottom,1110
BO1_2__ge_top,BO1_2,numerical,indicator,ge_top,1111
BO1_2__missing,BO1_2,numerical,indicator,missing,1112
BO1_2__value,BO1_2,numerical,continuous,quantile_centered_value,1113
BO1_3__le_bottom,BO1_3,numerical,indicator,le_bottom,1114
BO1_3__ge_top,BO1_3,numerical,indicator,ge_top,1115
BO1_3__missing,BO1_3,numerical,indicator,missing,1116
BO1_3__value,BO1_3,numerical,continuous,quantile_centered_value,1117
BO2_1__1,BO2_1,categorical,one_hot,1,1118
BO2_1__2,BO2_1,categorical,one_hot,2,1119
BO2_1__3,BO2_1,categorical,one_hot,3,1120
BO2_1__4,BO2_1,categorical,one_hot,4,1121
BO2_1__8,BO2_1,categorical,one_hot,8,1122
BO2_1__9,BO2_1,categorical,one_hot,9,1123
BO2_1__missing,BO2_1,categorical,one_hot,missing,1124
BD1__1,BD1,categorical,one_hot,1,1125
BD1__2,BD1,categorical,one_hot,2,1126
BD1__8,BD1,categorical,one_hot,8,1127
BD1__9,BD1,categorical,one_hot,9,1128
BD1__missing,BD1,categorical,one_hot,missing,1129
BD2__flag_888,BD2,numerical,indicator,flag_888,1130
BD2__flag_999,BD2,numerical,indicator,flag_999,1131
BD2__le_bottom,BD2,numerical,indicator,le_bottom,1132
BD2__ge_top,BD2,numerical,indicator,ge_top,1133
BD2__missing,BD2,numerical,indicator,missing,1134
BD2__value,BD2,numerical,continuous,quantile_centered_value,1135
BD1_11__1,BD1_11,categorical,one_hot,1,1136
BD1_11__2,BD1_11,categorical,one_hot,2,1137
BD1_11__3,BD1_11,categorical,one_hot,3,1138
BD1_11__4,BD1_11,categorical,one_hot,4,1139
BD1_11__5,BD1_11,categorical,one_hot,5,1140
BD1_11__6,BD1_11,categorical,one_hot,6,1141
BD1_11__8,BD1_11,categorical,one_hot,8,1142
BD1_11__9,BD1_11,categorical,one_hot,9,1143
BD1_11__missing,BD1_11,categorical,one_hot,missing,1144
BD2_1__1,BD2_1,categorical,one_hot,1,1145
BD2_1__2,BD2_1,categorical,one_hot,2,1146
BD2_1__3,BD2_1,categorical,one_hot,3,1147
BD2_1__4,BD2_1,categorical,one_hot,4,1148
BD2_1__5,BD2_1,categorical,one_hot,5,1149
BD2_1__8,BD2_1,categorical,one_hot,8,1150
BD2_1__9,BD2_1,categorical,one_hot,9,1151
BD2_1__missing,BD2_1,categorical,one_hot,missing,1152
BD2_14__flag_888,BD2_14,numerical,indicator,flag_888,1153
BD2_14__flag_999,BD2_14,numerical,indicator,flag_999,1154
BD2_14__le_bottom,BD2_14,numerical,indicator,le_bottom,1155
BD2_14__ge_top,BD2_14,numerical,indicator,ge_top,1156
BD2_14__missing,BD2_14,numerical,indicator,missing,1157
BD2_14__value,BD2_14,numerical,continuous,quantile_centered_value,1158
BD2_31__1,BD2_31,categorical,one_hot,1,1159
BD2_31__2,BD2_31,categorical,one_hot,2,1160
BD2_31__3,BD2_31,categorical,one_hot,3,1161
BD2_31__4,BD2_31,categorical,one_hot,4,1162
BD2_31__5,BD2_31,categorical,one_hot,5,1163
BD2_31__8,BD2_31,categorical,one_hot,8,1164
BD2_31__9,BD2_31,categorical,one_hot,9,1165
BD2_31__missing,BD2_31,categorical,one_hot,missing,1166
BD2_32__1,BD2_32,categorical,one_hot,1,1167
BD2_32__2,BD2_32,categorical,one_hot,2,1168
BD2_32__3,BD2_32,categorical,one_hot,3,1169
BD2_32__4,BD2_32,categorical,one_hot,4,1170
BD2_32__5,BD2_32,categorical,one_hot,5,1171
BD2_32__8,BD2_32,categorical,one_hot,8,1172
BD2_32__9,BD2_32,categorical,one_hot,9,1173
BD2_32__missing,BD2_32,categorical,one_hot,missing,1174
BD7_4__1,BD7_4,categorical,one_hot,1,1175
BD7_4__2,BD7_4,categorical,one_hot,2,1176
BD7_4__3,BD7_4,categorical,one_hot,3,1177
BD7_4__8,BD7_4,categorical,one_hot,8,1178
BD7_4__9,BD7_4,categorical,one_hot,9,1179
BD7_4__missing,BD7_4,categorical,one_hot,missing,1180
BD7_5__1,BD7_5,categorical,one_hot,1,1181
BD7_5__2,BD7_5,categorical,one_hot,2,1182
BD7_5__8,BD7_5,categorical,one_hot,8,1183
BD7_5__9,BD7_5,categorical,one_hot,9,1184
BD7_5__missing,BD7_5,categorical,one_hot,missing,1185
BD7_61__0,BD7_61,categorical,one_hot,0,1186
BD7_61__1,BD7_61,categorical,one_hot,1,1187
BD7_61__8,BD7_61,categorical,one_hot,8,1188
BD7_61__9,BD7_61,categorical,one_hot,9,1189
BD7_61__missing,BD7_61,categorical,one_hot,missing,1190
BD7_62__0,BD7_62,categorical,one_hot,0,1191
BD7_62__1,BD7_62,categorical,one_hot,1,1192
BD7_62__8,BD7_62,categorical,one_hot,8,1193
BD7_62__9,BD7_62,categorical,one_hot,9,1194
BD7_62__missing,BD7_62,categorical,one_hot,missing,1195
BD7_63__0,BD7_63,categorical,one_hot,0,1196
BD7_63__1,BD7_63,categorical,one_hot,1,1197
BD7_63__8,BD7_63,categorical,one_hot,8,1198
BD7_63__9,BD7_63,categorical,one_hot,9,1199
BD7_63__missing,BD7_63,categorical,one_hot,missing,1200
BD7_64__0,BD7_64,categorical,one_hot,0,1201
BD7_64__1,BD7_64,categorical,one_hot,1,1202
BD7_64__8,BD7_64,categorical,one_hot,8,1203
BD7_64__9,BD7_64,categorical,one_hot,9,1204
BD7_64__missing,BD7_64,categorical,one_hot,missing,1205
BD7_65__0,BD7_65,categorical,one_hot,0,1206
BD7_65__1,BD7_65,categorical,one_hot,1,1207
BD7_65__8,BD7_65,categorical,one_hot,8,1208
BD7_65__9,BD7_65,categorical,one_hot,9,1209
BD7_65__missing,BD7_65,categorical,one_hot,missing,1210
BD7_66__0,BD7_66,categorical,one_hot,0,1211
BD7_66__1,BD7_66,categorical,one_hot,1,1212
BD7_66__8,BD7_66,categorical,one_hot,8,1213
BD7_66__9,BD7_66,categorical,one_hot,9,1214
BD7_66__missing,BD7_66,categorical,one_hot,missing,1215
dr_month__0,dr_month,categorical,one_hot,0,1216
dr_month__1,dr_month,categorical,one_hot,1,1217
dr_month__missing,dr_month,categorical,one_hot,missing,1218
BA2_12__1,BA2_12,categorical,one_hot,1,1219
BA2_12__2,BA2_12,categorical,one_hot,2,1220
BA2_12__3,BA2_12,categorical,one_hot,3,1221
BA2_12__4,BA2_12,categorical,one_hot,4,1222
BA2_12__5,BA2_12,categorical,one_hot,5,1223
BA2_12__8,BA2_12,categorical,one_hot,8,1224
BA2_12__9,BA2_12,categorical,one_hot,9,1225
BA2_12__missing,BA2_12,categorical,one_hot,missing,1226
BA2_13__1,BA2_13,categorical,one_hot,1,1227
BA2_13__2,BA2_13,categorical,one_hot,2,1228
BA2_13__3,BA2_13,categorical,one_hot,3,1229
BA2_13__4,BA2_13,categorical,one_hot,4,1230
BA2_13__5,BA2_13,categorical,one_hot,5,1231
BA2_13__8,BA2_13,categorical,one_hot,8,1232
BA2_13__9,BA2_13,categorical,one_hot,9,1233
BA2_13__missing,BA2_13,categorical,one_hot,missing,1234
BA2_14__1,BA2_14,categorical,one_hot,1,1235
BA2_14__2,BA2_14,categorical,one_hot,2,1236
BA2_14__3,BA2_14,categorical,one_hot,3,1237
BA2_14__4,BA2_14,categorical,one_hot,4,1238
BA2_14__5,BA2_14,categorical,one_hot,5,1239
BA2_14__8,BA2_14,categorical,one_hot,8,1240
BA2_14__9,BA2_14,categorical,one_hot,9,1241
BA2_14__missing,BA2_14,categorical,one_hot,missing,1242
BA2_2_1__1,BA2_2_1,categorical,one_hot,1,1243
BA2_2_1__2,BA2_2_1,categorical,one_hot,2,1244
BA2_2_1__8,BA2_2_1,categorical,one_hot,8,1245
BA2_2_1__9,BA2_2_1,categorical,one_hot,9,1246
BA2_2_1__missing,BA2_2_1,categorical,one_hot,missing,1247
BA2_2_2__le_bottom,BA2_2_2,numerical,indicator,le_bottom,1248
BA2_2_2__ge_top,BA2_2_2,numerical,indicator,ge_top,1249
BA2_2_2__missing,BA2_2_2,numerical,indicator,missing,1250
BA2_2_2__value,BA2_2_2,numerical,continuous,quantile_centered_value,1251
BA2_2_3__1,BA2_2_3,categorical,one_hot,1,1252
BA2_2_3__2,BA2_2_3,categorical,one_hot,2,1253
BA2_2_3__8,BA2_2_3,categorical,one_hot,8,1254
BA2_2_3__9,BA2_2_3,categorical,one_hot,9,1255
BA2_2_3__missing,BA2_2_3,categorical,one_hot,missing,1256
BA2_2_4__le_bottom,BA2_2_4,numerical,indicator,le_bottom,1257
BA2_2_4__ge_top,BA2_2_4,numerical,indicator,ge_top,1258
BA2_2_4__missing,BA2_2_4,numerical,indicator,missing,1259
BA2_2_4__value,BA2_2_4,numerical,continuous,quantile_centered_value,1260
BA2_2_5__1,BA2_2_5,categorical,one_hot,1,1261
BA2_2_5__2,BA2_2_5,categorical,one_hot,2,1262
BA2_2_5__8,BA2_2_5,categorical,one_hot,8,1263
BA2_2_5__9,BA2_2_5,categorical,one_hot,9,1264
BA2_2_5__missing,BA2_2_5,categorical,one_hot,missing,1265
BA2_2_6__le_bottom,BA2_2_6,numerical,indicator,le_bottom,1266
BA2_2_6__ge_top,BA2_2_6,numerical,indicator,ge_top,1267
BA2_2_6__missing,BA2_2_6,numerical,indicator,missing,1268
BA2_2_6__value,BA2_2_6,numerical,continuous,quantile_centered_value,1269
BA2_22__1,BA2_22,categorical,one_hot,1,1270
BA2_22__2,BA2_22,categorical,one_hot,2,1271
BA2_22__3,BA2_22,categorical,one_hot,3,1272
BA2_22__4,BA2_22,categorical,one_hot,4,1273
BA2_22__5,BA2_22,categorical,one_hot,5,1274
BA2_22__8,BA2_22,categorical,one_hot,8,1275
BA2_22__9,BA2_22,categorical,one_hot,9,1276
BA2_22__missing,BA2_22,categorical,one_hot,missing,1277
BA1_1__1,BA1_1,categorical,one_hot,1,1278
BA1_1__2,BA1_1,categorical,one_hot,2,1279
BA1_1__3,BA1_1,categorical,one_hot,3,1280
BA1_1__4,BA1_1,categorical,one_hot,4,1281
BA1_1__5,BA1_1,categorical,one_hot,5,1282
BA1_1__6,BA1_1,categorical,one_hot,6,1283
BA1_1__8,BA1_1,categorical,one_hot,8,1284
BA1_1__9,BA1_1,categorical,one_hot,9,1285
BA1_1__missing,BA1_1,categorical,one_hot,missing,1286
BA1_3__1,BA1_3,categorical,one_hot,1,1287
BA1_3__2,BA1_3,categorical,one_hot,2,1288
BA1_3__3,BA1_3,categorical,one_hot,3,1289
BA1_3__4,BA1_3,categorical,one_hot,4,1290
BA1_3__5,BA1_3,categorical,one_hot,5,1291
BA1_3__8,BA1_3,categorical,one_hot,8,1292
BA1_3__9,BA1_3,categorical,one_hot,9,1293
BA1_3__missing,BA1_3,categorical,one_hot,missing,1294
BA1_2__1,BA1_2,categorical,one_hot,1,1295
BA1_2__2,BA1_2,categorical,one_hot,2,1296
BA1_2__3,BA1_2,categorical,one_hot,3,1297
BA1_2__4,BA1_2,categorical,one_hot,4,1298
BA1_2__5,BA1_2,categorical,one_hot,5,1299
BA1_2__6,BA1_2,categorical,one_hot,6,1300
BA1_2__8,BA1_2,categorical,one_hot,8,1301
BA1_2__9,BA1_2,categorical,one_hot,9,1302
BA1_2__missing,BA1_2,categorical,one_hot,missing,1303
sc_seatblt__0,sc_seatblt,categorical,one_hot,0,1304
sc_seatblt__1,sc_seatblt,categorical,one_hot,1,1305
sc_seatblt__missing,sc_seatblt,categorical,one_hot,missing,1306
sc_seatblt2__0,sc_seatblt2,categorical,one_hot,0,1307
sc_seatblt2__1,sc_seatblt2,categorical,one_hot,1,1308
sc_seatblt2__missing,sc_seatblt2,categorical,one_hot,missing,1309
sc_seatblt3__0,sc_seatblt3,categorical,one_hot,0,1310
sc_seatblt3__1,sc_seatblt3,categorical,one_hot,1,1311
sc_seatblt3__missing,sc_seatblt3,categorical,one_hot,missing,1312
BP16_11__le_bottom,BP16_11,numerical,indicator,le_bottom,1313
BP16_11__ge_top,BP16_11,numerical,indicator,ge_top,1314
BP16_11__missing,BP16_11,numerical,indicator,missing,1315
BP16_11__value,BP16_11,numerical,continuous,quantile_centered_value,1316
BP16_12__le_bottom,BP16_12,numerical,indicator,le_bottom,1317
BP16_12__ge_top,BP16_12,numerical,indicator,ge_top,1318
BP16_12__missing,BP16_12,numerical,indicator,missing,1319
BP16_12__value,BP16_12,numerical,continuous,quantile_centered_value,1320
BP16_13__le_bottom,BP16_13,numerical,indicator,le_bottom,1321
BP16_13__ge_top,BP16_13,numerical,indicator,ge_top,1322
BP16_13__missing,BP16_13,numerical,indicator,missing,1323
BP16_13__value,BP16_13,numerical,continuous,quantile_centered_value,1324
BP16_14__le_bottom,BP16_14,numerical,indicator,le_bottom,1325
BP16_14__ge_top,BP16_14,numerical,indicator,ge_top,1326
BP16_14__missing,BP16_14,numerical,indicator,missing,1327
BP16_14__value,BP16_14,numerical,continuous,quantile_centered_value,1328
BP16_21__le_bottom,BP16_21,numerical,indicator,le_bottom,1329
BP16_21__ge_top,BP16_21,numerical,indicator,ge_top,1330
BP16_21__missing,BP16_21,numerical,indicator,missing,1331
BP16_21__value,BP16_21,numerical,continuous,quantile_centered_value,1332
BP16_22__le_bottom,BP16_22,numerical,indicator,le_bottom,1333
BP16_22__ge_top,BP16_22,numerical,indicator,ge_top,1334
BP16_22__missing,BP16_22,numerical,indicator,missing,1335
BP16_22__value,BP16_22,numerical,continuous,quantile_centered_value,1336
BP16_23__le_bottom,BP16_23,numerical,indicator,le_bottom,1337
BP16_23__ge_top,BP16_23,numerical,indicator,ge_top,1338
BP16_23__missing,BP16_23,numerical,indicator,missing,1339
BP16_23__value,BP16_23,numerical,continuous,quantile_centered_value,1340
BP16_24__le_bottom,BP16_24,numerical,indicator,le_bottom,1341
BP16_24__ge_top,BP16_24,numerical,indicator,ge_top,1342
BP16_24__missing,BP16_24,numerical,indicator,missing,1343
BP16_24__value,BP16_24,numerical,continuous,quantile_centered_value,1344
BP_PHQ_1__0,BP_PHQ_1,categorical,one_hot,0,1345
BP_PHQ_1__1,BP_PHQ_1,categorical,one_hot,1,1346
BP_PHQ_1__2,BP_PHQ_1,categorical,one_hot,2,1347
BP_PHQ_1__3,BP_PHQ_1,categorical,one_hot,3,1348
BP_PHQ_1__8,BP_PHQ_1,categorical,one_hot,8,1349
BP_PHQ_1__9,BP_PHQ_1,categorical,one_hot,9,1350
BP_PHQ_1__missing,BP_PHQ_1,categorical,one_hot,missing,1351
BP_PHQ_2__0,BP_PHQ_2,categorical,one_hot,0,1352
BP_PHQ_2__1,BP_PHQ_2,categorical,one_hot,1,1353
BP_PHQ_2__2,BP_PHQ_2,categorical,one_hot,2,1354
BP_PHQ_2__3,BP_PHQ_2,categorical,one_hot,3,1355
BP_PHQ_2__8,BP_PHQ_2,categorical,one_hot,8,1356
BP_PHQ_2__9,BP_PHQ_2,categorical,one_hot,9,1357
BP_PHQ_2__missing,BP_PHQ_2,categorical,one_hot,missing,1358
BP_PHQ_3__0,BP_PHQ_3,categorical,one_hot,0,1359
BP_PHQ_3__1,BP_PHQ_3,categorical,one_hot,1,1360
BP_PHQ_3__2,BP_PHQ_3,categorical,one_hot,2,1361
BP_PHQ_3__3,BP_PHQ_3,categorical,one_hot,3,1362
BP_PHQ_3__8,BP_PHQ_3,categorical,one_hot,8,1363
BP_PHQ_3__9,BP_PHQ_3,categorical,one_hot,9,1364
BP_PHQ_3__missing,BP_PHQ_3,categorical,one_hot,missing,1365
BP_PHQ_4__0,BP_PHQ_4,categorical,one_hot,0,1366
BP_PHQ_4__1,BP_PHQ_4,categorical,one_hot,1,1367
BP_PHQ_4__2,BP_PHQ_4,categorical,one_hot,2,1368
BP_PHQ_4__3,BP_PHQ_4,categorical,one_hot,3,1369
BP_PHQ_4__8,BP_PHQ_4,categorical,one_hot,8,1370
BP_PHQ_4__9,BP_PHQ_4,categorical,one_hot,9,1371
BP_PHQ_4__missing,BP_PHQ_4,categorical,one_hot,missing,1372
BP_PHQ_5__0,BP_PHQ_5,categorical,one_hot,0,1373
BP_PHQ_5__1,BP_PHQ_5,categorical,one_hot,1,1374
BP_PHQ_5__2,BP_PHQ_5,categorical,one_hot,2,1375
BP_PHQ_5__3,BP_PHQ_5,categorical,one_hot,3,1376
BP_PHQ_5__8,BP_PHQ_5,categorical,one_hot,8,1377
BP_PHQ_5__9,BP_PHQ_5,categorical,one_hot,9,1378
BP_PHQ_5__missing,BP_PHQ_5,categorical,one_hot,missing,1379
BP_PHQ_6__0,BP_PHQ_6,categorical,one_hot,0,1380
BP_PHQ_6__1,BP_PHQ_6,categorical,one_hot,1,1381
BP_PHQ_6__2,BP_PHQ_6,categorical,one_hot,2,1382
BP_PHQ_6__3,BP_PHQ_6,categorical,one_hot,3,1383
BP_PHQ_6__8,BP_PHQ_6,categorical,one_hot,8,1384
BP_PHQ_6__9,BP_PHQ_6,categorical,one_hot,9,1385
BP_PHQ_6__missing,BP_PHQ_6,categorical,one_hot,missing,1386
BP_PHQ_7__0,BP_PHQ_7,categorical,one_hot,0,1387
BP_PHQ_7__1,BP_PHQ_7,categorical,one_hot,1,1388
BP_PHQ_7__2,BP_PHQ_7,categorical,one_hot,2,1389
BP_PHQ_7__3,BP_PHQ_7,categorical,one_hot,3,1390
BP_PHQ_7__8,BP_PHQ_7,categorical,one_hot,8,1391
BP_PHQ_7__9,BP_PHQ_7,categorical,one_hot,9,1392
BP_PHQ_7__missing,BP_PHQ_7,categorical,one_hot,missing,1393
BP_PHQ_8__0,BP_PHQ_8,categorical,one_hot,0,1394
BP_PHQ_8__1,BP_PHQ_8,categorical,one_hot,1,1395
BP_PHQ_8__2,BP_PHQ_8,categorical,one_hot,2,1396
BP_PHQ_8__3,BP_PHQ_8,categorical,one_hot,3,1397
BP_PHQ_8__8,BP_PHQ_8,categorical,one_hot,8,1398
BP_PHQ_8__9,BP_PHQ_8,categorical,one_hot,9,1399
BP_PHQ_8__missing,BP_PHQ_8,categorical,one_hot,missing,1400
BP_PHQ_9__0,BP_PHQ_9,categorical,one_hot,0,1401
BP_PHQ_9__1,BP_PHQ_9,categorical,one_hot,1,1402
BP_PHQ_9__2,BP_PHQ_9,categorical,one_hot,2,1403
BP_PHQ_9__3,BP_PHQ_9,categorical,one_hot,3,1404
BP_PHQ_9__8,BP_PHQ_9,categorical,one_hot,8,1405
BP_PHQ_9__9,BP_PHQ_9,categorical,one_hot,9,1406
BP_PHQ_9__missing,BP_PHQ_9,categorical,one_hot,missing,1407
mh_PHQ_S__le_bottom,mh_PHQ_S,numerical,indicator,le_bottom,1408
mh_PHQ_S__ge_top,mh_PHQ_S,numerical,indicator,ge_top,1409
mh_PHQ_S__missing,mh_PHQ_S,numerical,indicator,missing,1410
mh_PHQ_S__value,mh_PHQ_S,numerical,continuous,quantile_centered_value,1411
BP_GAD_1__0,BP_GAD_1,categorical,one_hot,0,1412
BP_GAD_1__1,BP_GAD_1,categorical,one_hot,1,1413
BP_GAD_1__2,BP_GAD_1,categorical,one_hot,2,1414
BP_GAD_1__3,BP_GAD_1,categorical,one_hot,3,1415
BP_GAD_1__8,BP_GAD_1,categorical,one_hot,8,1416
BP_GAD_1__9,BP_GAD_1,categorical,one_hot,9,1417
BP_GAD_1__missing,BP_GAD_1,categorical,one_hot,missing,1418
BP_GAD_2__0,BP_GAD_2,categorical,one_hot,0,1419
BP_GAD_2__1,BP_GAD_2,categorical,one_hot,1,1420
BP_GAD_2__2,BP_GAD_2,categorical,one_hot,2,1421
BP_GAD_2__3,BP_GAD_2,categorical,one_hot,3,1422
BP_GAD_2__8,BP_GAD_2,categorical,one_hot,8,1423
BP_GAD_2__9,BP_GAD_2,categorical,one_hot,9,1424
BP_GAD_2__missing,BP_GAD_2,categorical,one_hot,missing,1425
BP_GAD_3__0,BP_GAD_3,categorical,one_hot,0,1426
BP_GAD_3__1,BP_GAD_3,categorical,one_hot,1,1427
BP_GAD_3__2,BP_GAD_3,categorical,one_hot,2,1428
BP_GAD_3__3,BP_GAD_3,categorical,one_hot,3,1429
BP_GAD_3__8,BP_GAD_3,categorical,one_hot,8,1430
BP_GAD_3__9,BP_GAD_3,categorical,one_hot,9,1431
BP_GAD_3__missing,BP_GAD_3,categorical,one_hot,missing,1432
BP_GAD_4__0,BP_GAD_4,categorical,one_hot,0,1433
BP_GAD_4__1,BP_GAD_4,categorical,one_hot,1,1434
BP_GAD_4__2,BP_GAD_4,categorical,one_hot,2,1435
BP_GAD_4__3,BP_GAD_4,categorical,one_hot,3,1436
BP_GAD_4__8,BP_GAD_4,categorical,one_hot,8,1437
BP_GAD_4__9,BP_GAD_4,categorical,one_hot,9,1438
BP_GAD_4__missing,BP_GAD_4,categorical,one_hot,missing,1439
BP_GAD_5__0,BP_GAD_5,categorical,one_hot,0,1440
BP_GAD_5__1,BP_GAD_5,categorical,one_hot,1,1441
BP_GAD_5__2,BP_GAD_5,categorical,one_hot,2,1442
BP_GAD_5__3,BP_GAD_5,categorical,one_hot,3,1443
BP_GAD_5__8,BP_GAD_5,categorical,one_hot,8,1444
BP_GAD_5__9,BP_GAD_5,categorical,one_hot,9,1445
BP_GAD_5__missing,BP_GAD_5,categorical,one_hot,missing,1446
BP_GAD_6__0,BP_GAD_6,categorical,one_hot,0,1447
BP_GAD_6__1,BP_GAD_6,categorical,one_hot,1,1448
BP_GAD_6__2,BP_GAD_6,categorical,one_hot,2,1449
BP_GAD_6__3,BP_GAD_6,categorical,one_hot,3,1450
BP_GAD_6__8,BP_GAD_6,categorical,one_hot,8,1451
BP_GAD_6__9,BP_GAD_6,categorical,one_hot,9,1452
BP_GAD_6__missing,BP_GAD_6,categorical,one_hot,missing,1453
BP_GAD_7__0,BP_GAD_7,categorical,one_hot,0,1454
BP_GAD_7__1,BP_GAD_7,categorical,one_hot,1,1455
BP_GAD_7__2,BP_GAD_7,categorical,one_hot,2,1456
BP_GAD_7__3,BP_GAD_7,categorical,one_hot,3,1457
BP_GAD_7__8,BP_GAD_7,categorical,one_hot,8,1458
BP_GAD_7__9,BP_GAD_7,categorical,one_hot,9,1459
BP_GAD_7__missing,BP_GAD_7,categorical,one_hot,missing,1460
mh_GAD_S__le_bottom,mh_GAD_S,numerical,indicator,le_bottom,1461
mh_GAD_S__ge_top,mh_GAD_S,numerical,indicator,ge_top,1462
mh_GAD_S__missing,mh_GAD_S,numerical,indicator,missing,1463
mh_GAD_S__value,mh_GAD_S,numerical,continuous,quantile_centered_value,1464
BP1__1,BP1,categorical,one_hot,1,1465
BP1__2,BP1,categorical,one_hot,2,1466
BP1__3,BP1,categorical,one_hot,3,1467
BP1__4,BP1,categorical,one_hot,4,1468
BP1__8,BP1,categorical,one_hot,8,1469
BP1__9,BP1,categorical,one_hot,9,1470
BP1__missing,BP1,categorical,one_hot,missing,1471
BP2__1,BP2,categorical,one_hot,1,1472
BP2__2,BP2,categorical,one_hot,2,1473
BP2__3,BP2,categorical,one_hot,3,1474
BP2__4,BP2,categorical,one_hot,4,1475
BP2__5,BP2,categorical,one_hot,5,1476
BP2__6,BP2,categorical,one_hot,6,1477
BP2__7,BP2,categorical,one_hot,7,1478
BP2__8,BP2,categorical,one_hot,8,1479
BP2__9,BP2,categorical,one_hot,9,1480
BP2__88,BP2,categorical,one_hot,88,1481
BP2__99,BP2,categorical,one_hot,99,1482
BP2__missing,BP2,categorical,one_hot,missing,1483
BP5__1,BP5,categorical,one_hot,1,1484
BP5__2,BP5,categorical,one_hot,2,1485
BP5__8,BP5,categorical,one_hot,8,1486
BP5__9,BP5,categorical,one_hot,9,1487
BP5__missing,BP5,categorical,one_hot,missing,1488
BP6_10__1,BP6_10,categorical,one_hot,1,1489
BP6_10__2,BP6_10,categorical,one_hot,2,1490
BP6_10__8,BP6_10,categorical,one_hot,8,1491
BP6_10__9,BP6_10,categorical,one_hot,9,1492
BP6_10__missing,BP6_10,categorical,one_hot,missing,1493
BP6_2__1,BP6_2,categorical,one_hot,1,1494
BP6_2__2,BP6_2,categorical,one_hot,2,1495
BP6_2__8,BP6_2,categorical,one_hot,8,1496
BP6_2__9,BP6_2,categorical,one_hot,9,1497
BP6_2__missing,BP6_2,categorical,one_hot,missing,1498
BP6_31__1,BP6_31,categorical,one_hot,1,1499
BP6_31__2,BP6_31,categorical,one_hot,2,1500
BP6_31__8,BP6_31,categorical,one_hot,8,1501
BP6_31__9,BP6_31,categorical,one_hot,9,1502
BP6_31__missing,BP6_31,categorical,one_hot,missing,1503
BP7__1,BP7,categorical,one_hot,1,1504
BP7__2,BP7,categorical,one_hot,2,1505
BP7__8,BP7,categorical,one_hot,8,1506
BP7__9,BP7,categorical,one_hot,9,1507
BP7__missing,BP7,categorical,one_hot,missing,1508
mh_stress__0,mh_stress,categorical,one_hot,0,1509
mh_stress__1,mh_stress,categorical,one_hot,1,1510
mh_stress__missing,mh_stress,categorical,one_hot,missing,1511
BS1_1__1,BS1_1,categorical,one_hot,1,1512
BS1_1__2,BS1_1,categorical,one_hot,2,1513
BS1_1__3,BS1_1,categorical,one_hot,3,1514
BS1_1__8,BS1_1,categorical,one_hot,8,1515
BS1_1__9,BS1_1,categorical,one_hot,9,1516
BS1_1__missing,BS1_1,categorical,one_hot,missing,1517
BS2_1__flag_888,BS2_1,numerical,indicator,flag_888,1518
BS2_1__flag_999,BS2_1,numerical,indicator,flag_999,1519
BS2_1__le_bottom,BS2_1,numerical,indicator,le_bottom,1520
BS2_1__ge_top,BS2_1,numerical,indicator,ge_top,1521
BS2_1__missing,BS2_1,numerical,indicator,missing,1522
BS2_1__value,BS2_1,numerical,continuous,quantile_centered_value,1523
BS2_2__flag_888,BS2_2,numerical,indicator,flag_888,1524
BS2_2__flag_999,BS2_2,numerical,indicator,flag_999,1525
BS2_2__le_bottom,BS2_2,numerical,indicator,le_bottom,1526
BS2_2__ge_top,BS2_2,numerical,indicator,ge_top,1527
BS2_2__missing,BS2_2,numerical,indicator,missing,1528
BS2_2__value,BS2_2,numerical,continuous,quantile_centered_value,1529
BS3_1__1,BS3_1,categorical,one_hot,1,1530
BS3_1__2,BS3_1,categorical,one_hot,2,1531
BS3_1__3,BS3_1,categorical,one_hot,3,1532
BS3_1__8,BS3_1,categorical,one_hot,8,1533
BS3_1__9,BS3_1,categorical,one_hot,9,1534
BS3_1__missing,BS3_1,categorical,one_hot,missing,1535
BS3_2__flag_888,BS3_2,numerical,indicator,flag_888,1536
BS3_2__flag_999,BS3_2,numerical,indicator,flag_999,1537
BS3_2__le_bottom,BS3_2,numerical,indicator,le_bottom,1538
BS3_2__ge_top,BS3_2,numerical,indicator,ge_top,1539
BS3_2__missing,BS3_2,numerical,indicator,missing,1540
BS3_2__value,BS3_2,numerical,continuous,quantile_centered_value,1541
BS3_3__flag_88,BS3_3,numerical,indicator,flag_88,1542
BS3_3__flag_99,BS3_3,numerical,indicator,flag_99,1543
BS3_3__le_bottom,BS3_3,numerical,indicator,le_bottom,1544
BS3_3__ge_top,BS3_3,numerical,indicator,ge_top,1545
BS3_3__missing,BS3_3,numerical,indicator,missing,1546
BS3_3__value,BS3_3,numerical,continuous,quantile_centered_value,1547
BS6_2__flag_88,BS6_2,numerical,indicator,flag_88,1548
BS6_2__flag_889,BS6_2,numerical,indicator,flag_889,1549
BS6_2__flag_999,BS6_2,numerical,indicator,flag_999,1550
BS6_2__le_bottom,BS6_2,numerical,indicator,le_bottom,1551
BS6_2__ge_top,BS6_2,numerical,indicator,ge_top,1552
BS6_2__missing,BS6_2,numerical,indicator,missing,1553
BS6_2__value,BS6_2,numerical,continuous,quantile_centered_value,1554
BS6_2_1__flag_88,BS6_2_1,numerical,indicator,flag_88,1555
BS6_2_1__flag_99,BS6_2_1,numerical,indicator,flag_99,1556
BS6_2_1__le_bottom,BS6_2_1,numerical,indicator,le_bottom,1557
BS6_2_1__ge_top,BS6_2_1,numerical,indicator,ge_top,1558
BS6_2_1__missing,BS6_2_1,numerical,indicator,missing,1559
BS6_2_1__value,BS6_2_1,numerical,continuous,quantile_centered_value,1560
BS6_2_2__flag_88,BS6_2_2,numerical,indicator,flag_88,1561
BS6_2_2__flag_99,BS6_2_2,numerical,indicator,flag_99,1562
BS6_2_2__le_bottom,BS6_2_2,numerical,indicator,le_bottom,1563
BS6_2_2__ge_top,BS6_2_2,numerical,indicator,ge_top,1564
BS6_2_2__missing,BS6_2_2,numerical,indicator,missing,1565
BS6_2_2__value,BS6_2_2,numerical,continuous,quantile_centered_value,1566
BS6_3__flag_888,BS6_3,numerical,indicator,flag_888,1567
BS6_3__flag_999,BS6_3,numerical,indicator,flag_999,1568
BS6_3__le_bottom,BS6_3,numerical,indicator,le_bottom,1569
BS6_3__ge_top,BS6_3,numerical,indicator,ge_top,1570
BS6_3__missing,BS6_3,numerical,indicator,missing,1571
BS6_3__value,BS6_3,numerical,continuous,quantile_centered_value,1572
BS6_4__flag_88,BS6_4,numerical,indicator,flag_88,1573
BS6_4__flag_889,BS6_4,numerical,indicator,flag_889,1574
BS6_4__flag_999,BS6_4,numerical,indicator,flag_999,1575
BS6_4__le_bottom,BS6_4,numerical,indicator,le_bottom,1576
BS6_4__ge_top,BS6_4,numerical,indicator,ge_top,1577
BS6_4__missing,BS6_4,numerical,indicator,missing,1578
BS6_4__value,BS6_4,numerical,continuous,quantile_centered_value,1579
BS6_4_1__flag_88,BS6_4_1,numerical,indicator,flag_88,1580
BS6_4_1__flag_99,BS6_4_1,numerical,indicator,flag_99,1581
BS6_4_1__le_bottom,BS6_4_1,numerical,indicator,le_bottom,1582
BS6_4_1__ge_top,BS6_4_1,numerical,indicator,ge_top,1583
BS6_4_1__missing,BS6_4_1,numerical,indicator,missing,1584
BS6_4_1__value,BS6_4_1,numerical,continuous,quantile_centered_value,1585
BS6_4_2__flag_88,BS6_4_2,numerical,indicator,flag_88,1586
BS6_4_2__flag_99,BS6_4_2,numerical,indicator,flag_99,1587
BS6_4_2__le_bottom,BS6_4_2,numerical,indicator,le_bottom,1588
BS6_4_2__ge_top,BS6_4_2,numerical,indicator,ge_top,1589
BS6_4_2__missing,BS6_4_2,numerical,indicator,missing,1590
BS6_4_2__value,BS6_4_2,numerical,continuous,quantile_centered_value,1591
BS12_37__1,BS12_37,categorical,one_hot,1,1592
BS12_37__2,BS12_37,categorical,one_hot,2,1593
BS12_37__8,BS12_37,categorical,one_hot,8,1594
BS12_37__9,BS12_37,categorical,one_hot,9,1595
BS12_37__missing,BS12_37,categorical,one_hot,missing,1596
BS12_47__1,BS12_47,categorical,one_hot,1,1597
BS12_47__2,BS12_47,categorical,one_hot,2,1598
BS12_47__3,BS12_47,categorical,one_hot,3,1599
BS12_47__8,BS12_47,categorical,one_hot,8,1600
BS12_47__9,BS12_47,categorical,one_hot,9,1601
BS12_47__missing,BS12_47,categorical,one_hot,missing,1602
BS12_47_1__flag_888,BS12_47_1,numerical,indicator,flag_888,1603
BS12_47_1__flag_999,BS12_47_1,numerical,indicator,flag_999,1604
BS12_47_1__le_bottom,BS12_47_1,numerical,indicator,le_bottom,1605
BS12_47_1__ge_top,BS12_47_1,numerical,indicator,ge_top,1606
BS12_47_1__missing,BS12_47_1,numerical,indicator,missing,1607
BS12_47_1__value,BS12_47_1,numerical,continuous,quantile_centered_value,1608
BS12_47_2__flag_88,BS12_47_2,numerical,indicator,flag_88,1609
BS12_47_2__flag_99,BS12_47_2,numerical,indicator,flag_99,1610
BS12_47_2__le_bottom,BS12_47_2,numerical,indicator,le_bottom,1611
BS12_47_2__ge_top,BS12_47_2,numerical,indicator,ge_top,1612
BS12_47_2__missing,BS12_47_2,numerical,indicator,missing,1613
BS12_47_2__value,BS12_47_2,numerical,continuous,quantile_centered_value,1614
BS12_1__1,BS12_1,categorical,one_hot,1,1615
BS12_1__2,BS12_1,categorical,one_hot,2,1616
BS12_1__8,BS12_1,categorical,one_hot,8,1617
BS12_1__9,BS12_1,categorical,one_hot,9,1618
BS12_1__missing,BS12_1,categorical,one_hot,missing,1619
BS12_2__1,BS12_2,categorical,one_hot,1,1620
BS12_2__2,BS12_2,categorical,one_hot,2,1621
BS12_2__8,BS12_2,categorical,one_hot,8,1622
BS12_2__9,BS12_2,categorical,one_hot,9,1623
BS12_2__missing,BS12_2,categorical,one_hot,missing,1624
BS12_31__0,BS12_31,categorical,one_hot,0,1625
BS12_31__1,BS12_31,categorical,one_hot,1,1626
BS12_31__8,BS12_31,categorical,one_hot,8,1627
BS12_31__9,BS12_31,categorical,one_hot,9,1628
BS12_31__missing,BS12_31,categorical,one_hot,missing,1629
BS12_32__0,BS12_32,categorical,one_hot,0,1630
BS12_32__1,BS12_32,categorical,one_hot,1,1631
BS12_32__8,BS12_32,categorical,one_hot,8,1632
BS12_32__9,BS12_32,categorical,one_hot,9,1633
BS12_32__missing,BS12_32,categorical,one_hot,missing,1634
BS12_33__0,BS12_33,categorical,one_hot,0,1635
BS12_33__1,BS12_33,categorical,one_hot,1,1636
BS12_33__8,BS12_33,categorical,one_hot,8,1637
BS12_33__9,BS12_33,categorical,one_hot,9,1638
BS12_33__missing,BS12_33,categorical,one_hot,missing,1639
BS12_34__0,BS12_34,categorical,one_hot,0,1640
BS12_34__1,BS12_34,categorical,one_hot,1,1641
BS12_34__8,BS12_34,categorical,one_hot,8,1642
BS12_34__9,BS12_34,categorical,one_hot,9,1643
BS12_34__missing,BS12_34,categorical,one_hot,missing,1644
BS12_36__0,BS12_36,categorical,one_hot,0,1645
BS12_36__1,BS12_36,categorical,one_hot,1,1646
BS12_36__8,BS12_36,categorical,one_hot,8,1647
BS12_36__9,BS12_36,categorical,one_hot,9,1648
BS12_36__missing,BS12_36,categorical,one_hot,missing,1649
BS12_41__0,BS12_41,categorical,one_hot,0,1650
BS12_41__1,BS12_41,categorical,one_hot,1,1651
BS12_41__8,BS12_41,categorical,one_hot,8,1652
BS12_41__9,BS12_41,categorical,one_hot,9,1653
BS12_41__missing,BS12_41,categorical,one_hot,missing,1654
BS12_42__0,BS12_42,categorical,one_hot,0,1655
BS12_42__1,BS12_42,categorical,one_hot,1,1656
BS12_42__8,BS12_42,categorical,one_hot,8,1657
BS12_42__9,BS12_42,categorical,one_hot,9,1658
BS12_42__missing,BS12_42,categorical,one_hot,missing,1659
BS12_43__0,BS12_43,categorical,one_hot,0,1660
BS12_43__1,BS12_43,categorical,one_hot,1,1661
BS12_43__8,BS12_43,categorical,one_hot,8,1662
BS12_43__9,BS12_43,categorical,one_hot,9,1663
BS12_43__missing,BS12_43,categorical,one_hot,missing,1664
BS12_44__0,BS12_44,categorical,one_hot,0,1665
BS12_44__1,BS12_44,categorical,one_hot,1,1666
BS12_44__8,BS12_44,categorical,one_hot,8,1667
BS12_44__9,BS12_44,categorical,one_hot,9,1668
BS12_44__missing,BS12_44,categorical,one_hot,missing,1669
BS12_46__0,BS12_46,categorical,one_hot,0,1670
BS12_46__1,BS12_46,categorical,one_hot,1,1671
BS12_46__8,BS12_46,categorical,one_hot,8,1672
BS12_46__9,BS12_46,categorical,one_hot,9,1673
BS12_46__missing,BS12_46,categorical,one_hot,missing,1674
BS5__1,BS5,categorical,one_hot,1,1675
BS5__2,BS5,categorical,one_hot,2,1676
BS5__8,BS5,categorical,one_hot,8,1677
BS5__9,BS5,categorical,one_hot,9,1678
BS5__missing,BS5,categorical,one_hot,missing,1679
BS5_1__flag_8,BS5_1,numerical,indicator,flag_8,1680
BS5_1__flag_9,BS5_1,numerical,indicator,flag_9,1681
BS5_1__le_bottom,BS5_1,numerical,indicator,le_bottom,1682
BS5_1__ge_top,BS5_1,numerical,indicator,ge_top,1683
BS5_1__missing,BS5_1,numerical,indicator,missing,1684
BS5_1__value,BS5_1,numerical,continuous,quantile_centered_value,1685
BS8_2__1,BS8_2,categorical,one_hot,1,1686
BS8_2__2,BS8_2,categorical,one_hot,2,1687
BS8_2__8,BS8_2,categorical,one_hot,8,1688
BS8_2__9,BS8_2,categorical,one_hot,9,1689
BS8_2__missing,BS8_2,categorical,one_hot,missing,1690
BS9_2__1,BS9_2,categorical,one_hot,1,1691
BS9_2__2,BS9_2,categorical,one_hot,2,1692
BS9_2__3,BS9_2,categorical,one_hot,3,1693
BS9_2__8,BS9_2,categorical,one_hot,8,1694
BS9_2__9,BS9_2,categorical,one_hot,9,1695
BS9_2__missing,BS9_2,categorical,one_hot,missing,1696
BS13__1,BS13,categorical,one_hot,1,1697
BS13__2,BS13,categorical,one_hot,2,1698
BS13__8,BS13,categorical,one_hot,8,1699
BS13__9,BS13,categorical,one_hot,9,1700
BS13__missing,BS13,categorical,one_hot,missing,1701
BS10_1__1,BS10_1,categorical,one_hot,1,1702
BS10_1__2,BS10_1,categorical,one_hot,2,1703
BS10_1__8,BS10_1,categorical,one_hot,8,1704
BS10_1__9,BS10_1,categorical,one_hot,9,1705
BS10_1__missing,BS10_1,categorical,one_hot,missing,1706
BS2__flag_888,BS2,numerical,indicator,flag_888,1707
BS2__flag_999,BS2,numerical,indicator,flag_999,1708
BS2__le_bottom,BS2,numerical,indicator,le_bottom,1709
BS2__ge_top,BS2,numerical,indicator,ge_top,1710
BS2__missing,BS2,numerical,indicator,missing,1711
BS2__value,BS2,numerical,continuous,quantile_centered_value,1712
BS10_2__flag_88,BS10_2,numerical,indicator,flag_88,1713
BS10_2__flag_99,BS10_2,numerical,indicator,flag_99,1714
BS10_2__le_bottom,BS10_2,numerical,indicator,le_bottom,1715
BS10_2__ge_top,BS10_2,numerical,indicator,ge_top,1716
BS10_2__missing,BS10_2,numerical,indicator,missing,1717
BS10_2__value,BS10_2,numerical,continuous,quantile_centered_value,1718
BS10_3__flag_888,BS10_3,numerical,indicator,flag_888,1719
BS10_3__flag_999,BS10_3,numerical,indicator,flag_999,1720
BS10_3__le_bottom,BS10_3,numerical,indicator,le_bottom,1721
BS10_3__ge_top,BS10_3,numerical,indicator,ge_top,1722
BS10_3__missing,BS10_3,numerical,indicator,missing,1723
BS10_3__value,BS10_3,numerical,continuous,quantile_centered_value,1724
sm_presnt__0,sm_presnt,categorical,one_hot,0,1725
sm_presnt__1,sm_presnt,categorical,one_hot,1,1726
sm_presnt__missing,sm_presnt,categorical,one_hot,missing,1727
BE3_71__1,BE3_71,categorical,one_hot,1,1728
BE3_71__2,BE3_71,categorical,one_hot,2,1729
BE3_71__8,BE3_71,categorical,one_hot,8,1730
BE3_71__9,BE3_71,categorical,one_hot,9,1731
BE3_71__missing,BE3_71,categorical,one_hot,missing,1732
BE3_72__flag_8,BE3_72,numerical,indicator,flag_8,1733
BE3_72__flag_9,BE3_72,numerical,indicator,flag_9,1734
BE3_72__le_bottom,BE3_72,numerical,indicator,le_bottom,1735
BE3_72__ge_top,BE3_72,numerical,indicator,ge_top,1736
BE3_72__missing,BE3_72,numerical,indicator,missing,1737
BE3_72__value,BE3_72,numerical,continuous,quantile_centered_value,1738
BE3_73__flag_88,BE3_73,numerical,indicator,flag_88,1739
BE3_73__flag_99,BE3_73,numerical,indicator,flag_99,1740
BE3_73__le_bottom,BE3_73,numerical,indicator,le_bottom,1741
BE3_73__ge_top,BE3_73,numerical,indicator,ge_top,1742
BE3_73__missing,BE3_73,numerical,indicator,missing,1743
BE3_73__value,BE3_73,numerical,continuous,quantile_centered_value,1744
BE3_74__le_bottom,BE3_74,numerical,indicator,le_bottom,1745
BE3_74__ge_top,BE3_74,numerical,indicator,ge_top,1746
BE3_74__missing,BE3_74,numerical,indicator,missing,1747
BE3_74__value,BE3_74,numerical,continuous,quantile_centered_value,1748
BE3_81__1,BE3_81,categorical,one_hot,1,1749
BE3_81__2,BE3_81,categorical,one_hot,2,1750
BE3_81__8,BE3_81,categorical,one_hot,8,1751
BE3_81__9,BE3_81,categorical,one_hot,9,1752
BE3_81__missing,BE3_81,categorical,one_hot,missing,1753
BE3_82__flag_8,BE3_82,numerical,indicator,flag_8,1754
BE3_82__flag_9,BE3_82,numerical,indicator,flag_9,1755
BE3_82__le_bottom,BE3_82,numerical,indicator,le_bottom,1756
BE3_82__ge_top,BE3_82,numerical,indicator,ge_top,1757
BE3_82__missing,BE3_82,numerical,indicator,missing,1758
BE3_82__value,BE3_82,numerical,continuous,quantile_centered_value,1759
BE3_83__flag_88,BE3_83,numerical,indicator,flag_88,1760
BE3_83__flag_99,BE3_83,numerical,indicator,flag_99,1761
BE3_83__le_bottom,BE3_83,numerical,indicator,le_bottom,1762
BE3_83__ge_top,BE3_83,numerical,indicator,ge_top,1763
BE3_83__missing,BE3_83,numerical,indicator,missing,1764
BE3_83__value,BE3_83,numerical,continuous,quantile_centered_value,1765
BE3_84__le_bottom,BE3_84,numerical,indicator,le_bottom,1766
BE3_84__ge_top,BE3_84,numerical,indicator,ge_top,1767
BE3_84__missing,BE3_84,numerical,indicator,missing,1768
BE3_84__value,BE3_84,numerical,continuous,quantile_centered_value,1769
BE3_91__1,BE3_91,categorical,one_hot,1,1770
BE3_91__2,BE3_91,categorical,one_hot,2,1771
BE3_91__8,BE3_91,categorical,one_hot,8,1772
BE3_91__9,BE3_91,categorical,one_hot,9,1773
BE3_91__missing,BE3_91,categorical,one_hot,missing,1774
BE3_92__flag_8,BE3_92,numerical,indicator,flag_8,1775
BE3_92__flag_9,BE3_92,numerical,indicator,flag_9,1776
BE3_92__le_bottom,BE3_92,numerical,indicator,le_bottom,1777
BE3_92__ge_top,BE3_92,numerical,indicator,ge_top,1778
BE3_92__missing,BE3_92,numerical,indicator,missing,1779
BE3_92__value,BE3_92,numerical,continuous,quantile_centered_value,1780
BE3_93__flag_88,BE3_93,numerical,indicator,flag_88,1781
BE3_93__flag_99,BE3_93,numerical,indicator,flag_99,1782
BE3_93__le_bottom,BE3_93,numerical,indicator,le_bottom,1783
BE3_93__ge_top,BE3_93,numerical,indicator,ge_top,1784
BE3_93__missing,BE3_93,numerical,indicator,missing,1785
BE3_93__value,BE3_93,numerical,continuous,quantile_centered_value,1786
BE3_94__le_bottom,BE3_94,numerical,indicator,le_bottom,1787
BE3_94__ge_top,BE3_94,numerical,indicator,ge_top,1788
BE3_94__missing,BE3_94,numerical,indicator,missing,1789
BE3_94__value,BE3_94,numerical,continuous,quantile_centered_value,1790
BE3_75__1,BE3_75,categorical,one_hot,1,1791
BE3_75__2,BE3_75,categorical,one_hot,2,1792
BE3_75__8,BE3_75,categorical,one_hot,8,1793
BE3_75__9,BE3_75,categorical,one_hot,9,1794
BE3_75__missing,BE3_75,categorical,one_hot,missing,1795
BE3_76__flag_8,BE3_76,numerical,indicator,flag_8,1796
BE3_76__flag_9,BE3_76,numerical,indicator,flag_9,1797
BE3_76__le_bottom,BE3_76,numerical,indicator,le_bottom,1798
BE3_76__ge_top,BE3_76,numerical,indicator,ge_top,1799
BE3_76__missing,BE3_76,numerical,indicator,missing,1800
BE3_76__value,BE3_76,numerical,continuous,quantile_centered_value,1801
BE3_77__flag_88,BE3_77,numerical,indicator,flag_88,1802
BE3_77__flag_99,BE3_77,numerical,indicator,flag_99,1803
BE3_77__le_bottom,BE3_77,numerical,indicator,le_bottom,1804
BE3_77__ge_top,BE3_77,numerical,indicator,ge_top,1805
BE3_77__missing,BE3_77,numerical,indicator,missing,1806
BE3_77__value,BE3_77,numerical,continuous,quantile_centered_value,1807
BE3_78__le_bottom,BE3_78,numerical,indicator,le_bottom,1808
BE3_78__ge_top,BE3_78,numerical,indicator,ge_top,1809
BE3_78__missing,BE3_78,numerical,indicator,missing,1810
BE3_78__value,BE3_78,numerical,continuous,quantile_centered_value,1811
BE3_85__1,BE3_85,categorical,one_hot,1,1812
BE3_85__2,BE3_85,categorical,one_hot,2,1813
BE3_85__8,BE3_85,categorical,one_hot,8,1814
BE3_85__9,BE3_85,categorical,one_hot,9,1815
BE3_85__missing,BE3_85,categorical,one_hot,missing,1816
BE3_86__flag_8,BE3_86,numerical,indicator,flag_8,1817
BE3_86__flag_9,BE3_86,numerical,indicator,flag_9,1818
BE3_86__le_bottom,BE3_86,numerical,indicator,le_bottom,1819
BE3_86__ge_top,BE3_86,numerical,indicator,ge_top,1820
BE3_86__missing,BE3_86,numerical,indicator,missing,1821
BE3_86__value,BE3_86,numerical,continuous,quantile_centered_value,1822
BE3_87__flag_88,BE3_87,numerical,indicator,flag_88,1823
BE3_87__flag_99,BE3_87,numerical,indicator,flag_99,1824
BE3_87__le_bottom,BE3_87,numerical,indicator,le_bottom,1825
BE3_87__ge_top,BE3_87,numerical,indicator,ge_top,1826
BE3_87__missing,BE3_87,numerical,indicator,missing,1827
BE3_87__value,BE3_87,numerical,continuous,quantile_centered_value,1828
BE3_88__le_bottom,BE3_88,numerical,indicator,le_bottom,1829
BE3_88__ge_top,BE3_88,numerical,indicator,ge_top,1830
BE3_88__missing,BE3_88,numerical,indicator,missing,1831
BE3_88__value,BE3_88,numerical,continuous,quantile_centered_value,1832
BE8_1__flag_88,BE8_1,numerical,indicator,flag_88,1833
BE8_1__flag_99,BE8_1,numerical,indicator,flag_99,1834
BE8_1__le_bottom,BE8_1,numerical,indicator,le_bottom,1835
BE8_1__ge_top,BE8_1,numerical,indicator,ge_top,1836
BE8_1__missing,BE8_1,numerical,indicator,missing,1837
BE8_1__value,BE8_1,numerical,continuous,quantile_centered_value,1838
BE8_2__le_bottom,BE8_2,numerical,indicator,le_bottom,1839
BE8_2__ge_top,BE8_2,numerical,indicator,ge_top,1840
BE8_2__missing,BE8_2,numerical,indicator,missing,1841
BE8_2__value,BE8_2,numerical,continuous,quantile_centered_value,1842
BE3_31__1,BE3_31,categorical,one_hot,1,1843
BE3_31__2,BE3_31,categorical,one_hot,2,1844
BE3_31__3,BE3_31,categorical,one_hot,3,1845
BE3_31__4,BE3_31,categorical,one_hot,4,1846
BE3_31__5,BE3_31,categorical,one_hot,5,1847
BE3_31__6,BE3_31,categorical,one_hot,6,1848
BE3_31__7,BE3_31,categorical,one_hot,7,1849
BE3_31__8,BE3_31,categorical,one_hot,8,1850
BE3_31__88,BE3_31,categorical,one_hot,88,1851
BE3_31__99,BE3_31,categorical,one_hot,99,1852
BE3_31__missing,BE3_31,categorical,one_hot,missing,1853
BE3_32__flag_88,BE3_32,numerical,indicator,flag_88,1854
BE3_32__flag_99,BE3_32,numerical,indicator,flag_99,1855
BE3_32__le_bottom,BE3_32,numerical,indicator,le_bottom,1856
BE3_32__ge_top,BE3_32,numerical,indicator,ge_top,1857
BE3_32__missing,BE3_32,numerical,indicator,missing,1858
BE3_32__value,BE3_32,numerical,continuous,quantile_centered_value,1859
BE3_33__le_bottom,BE3_33,numerical,indicator,le_bottom,1860
BE3_33__ge_top,BE3_33,numerical,indicator,ge_top,1861
BE3_33__missing,BE3_33,numerical,indicator,missing,1862
BE3_33__value,BE3_33,numerical,continuous,quantile_centered_value,1863
BE5_1__1,BE5_1,categorical,one_hot,1,1864
BE5_1__2,BE5_1,categorical,one_hot,2,1865
BE5_1__3,BE5_1,categorical,one_hot,3,1866
BE5_1__4,BE5_1,categorical,one_hot,4,1867
BE5_1__5,BE5_1,categorical,one_hot,5,1868
BE5_1__6,BE5_1,categorical,one_hot,6,1869
BE5_1__8,BE5_1,categorical,one_hot,8,1870
BE5_1__9,BE5_1,categorical,one_hot,9,1871
BE5_1__missing,BE5_1,categorical,one_hot,missing,1872
BE9__1,BE9,categorical,one_hot,1,1873
BE9__2,BE9,categorical,one_hot,2,1874
BE9__3,BE9,categorical,one_hot,3,1875
BE9__4,BE9,categorical,one_hot,4,1876
BE9__5,BE9,categorical,one_hot,5,1877
BE9__6,BE9,categorical,one_hot,6,1878
BE9__7,BE9,categorical,one_hot,7,1879
BE9__8,BE9,categorical,one_hot,8,1880
BE9__88,BE9,categorical,one_hot,88,1881
BE9__99,BE9,categorical,one_hot,99,1882
BE9__missing,BE9,categorical,one_hot,missing,1883
pa_aerobic__0,pa_aerobic,categorical,one_hot,0,1884
pa_aerobic__1,pa_aerobic,categorical,one_hot,1,1885
pa_aerobic__missing,pa_aerobic,categorical,one_hot,missing,1886
LW_ms__1,LW_ms,categorical,one_hot,1,1887
LW_ms__2,LW_ms,categorical,one_hot,2,1888
LW_ms__3,LW_ms,categorical,one_hot,3,1889
LW_ms__4,LW_ms,categorical,one_hot,4,1890
LW_ms__5,LW_ms,categorical,one_hot,5,1891
LW_ms__6,LW_ms,categorical,one_hot,6,1892
LW_ms__7,LW_ms,categorical,one_hot,7,1893
LW_ms__8,LW_ms,categorical,one_hot,8,1894
LW_ms__9,LW_ms,categorical,one_hot,9,1895
LW_ms__missing,LW_ms,categorical,one_hot,missing,1896
LW_mp_a__flag_888,LW_mp_a,numerical,indicator,flag_888,1897
LW_mp_a__flag_999,LW_mp_a,numerical,indicator,flag_999,1898
LW_mp_a__le_bottom,LW_mp_a,numerical,indicator,le_bottom,1899
LW_mp_a__ge_top,LW_mp_a,numerical,indicator,ge_top,1900
LW_mp_a__missing,LW_mp_a,numerical,indicator,missing,1901
LW_mp_a__value,LW_mp_a,numerical,continuous,quantile_centered_value,1902
LW_ms_1__1,LW_ms_1,categorical,one_hot,1,1903
LW_ms_1__2,LW_ms_1,categorical,one_hot,2,1904
LW_ms_1__3,LW_ms_1,categorical,one_hot,3,1905
LW_ms_1__4,LW_ms_1,categorical,one_hot,4,1906
LW_ms_1__5,LW_ms_1,categorical,one_hot,5,1907
LW_ms_1__8,LW_ms_1,categorical,one_hot,8,1908
LW_ms_1__9,LW_ms_1,categorical,one_hot,9,1909
LW_ms_1__missing,LW_ms_1,categorical,one_hot,missing,1910
LW_ms_a__flag_888,LW_ms_a,numerical,indicator,flag_888,1911
LW_ms_a__flag_999,LW_ms_a,numerical,indicator,flag_999,1912
LW_ms_a__le_bottom,LW_ms_a,numerical,indicator,le_bottom,1913
LW_ms_a__ge_top,LW_ms_a,numerical,indicator,ge_top,1914
LW_ms_a__missing,LW_ms_a,numerical,indicator,missing,1915
LW_ms_a__value,LW_ms_a,numerical,continuous,quantile_centered_value,1916
LW_pr__1,LW_pr,categorical,one_hot,1,1917
LW_pr__2,LW_pr,categorical,one_hot,2,1918
LW_pr__8,LW_pr,categorical,one_hot,8,1919
LW_pr__9,LW_pr,categorical,one_hot,9,1920
LW_pr__missing,LW_pr,categorical,one_hot,missing,1921
LW_pr_1__le_bottom,LW_pr_1,numerical,indicator,le_bottom,1922
LW_pr_1__ge_top,LW_pr_1,numerical,indicator,ge_top,1923
LW_pr_1__missing,LW_pr_1,numerical,indicator,missing,1924
LW_pr_1__value,LW_pr_1,numerical,continuous,quantile_centered_value,1925
LW_mt__1,LW_mt,categorical,one_hot,1,1926
LW_mt__2,LW_mt,categorical,one_hot,2,1927
LW_mt__8,LW_mt,categorical,one_hot,8,1928
LW_mt__9,LW_mt,categorical,one_hot,9,1929
LW_mt__missing,LW_mt,categorical,one_hot,missing,1930
LW_mt_a1__flag_888,LW_mt_a1,numerical,indicator,flag_888,1931
LW_mt_a1__flag_999,LW_mt_a1,numerical,indicator,flag_999,1932
LW_mt_a1__le_bottom,LW_mt_a1,numerical,indicator,le_bottom,1933
LW_mt_a1__ge_top,LW_mt_a1,numerical,indicator,ge_top,1934
LW_mt_a1__missing,LW_mt_a1,numerical,indicator,missing,1935
LW_mt_a1__value,LW_mt_a1,numerical,continuous,quantile_centered_value,1936
LW_mt_a2__flag_888,LW_mt_a2,numerical,indicator,flag_888,1937
LW_mt_a2__flag_999,LW_mt_a2,numerical,indicator,flag_999,1938
LW_mt_a2__le_bottom,LW_mt_a2,numerical,indicator,le_bottom,1939
LW_mt_a2__ge_top,LW_mt_a2,numerical,indicator,ge_top,1940
LW_mt_a2__missing,LW_mt_a2,numerical,indicator,missing,1941
LW_mt_a2__value,LW_mt_a2,numerical,continuous,quantile_centered_value,1942
LW_br__1,LW_br,categorical,one_hot,1,1943
LW_br__2,LW_br,categorical,one_hot,2,1944
LW_br__8,LW_br,categorical,one_hot,8,1945
LW_br__9,LW_br,categorical,one_hot,9,1946
LW_br__missing,LW_br,categorical,one_hot,missing,1947
LW_br_ch__flag_88,LW_br_ch,numerical,indicator,flag_88,1948
LW_br_ch__flag_99,LW_br_ch,numerical,indicator,flag_99,1949
LW_br_ch__le_bottom,LW_br_ch,numerical,indicator,le_bottom,1950
LW_br_ch__ge_top,LW_br_ch,numerical,indicator,ge_top,1951
LW_br_ch__missing,LW_br_ch,numerical,indicator,missing,1952
LW_br_ch__value,LW_br_ch,numerical,continuous,quantile_centered_value,1953
LW_br_dur__flag_88,LW_br_dur,numerical,indicator,flag_88,1954
LW_br_dur__flag_889,LW_br_dur,numerical,indicator,flag_889,1955
LW_br_dur__flag_999,LW_br_dur,numerical,indicator,flag_999,1956
LW_br_dur__le_bottom,LW_br_dur,numerical,indicator,le_bottom,1957
LW_br_dur__ge_top,LW_br_dur,numerical,indicator,ge_top,1958
LW_br_dur__missing,LW_br_dur,numerical,indicator,missing,1959
LW_br_dur__value,LW_br_dur,numerical,continuous,quantile_centered_value,1960
LW_br_yy__flag_88,LW_br_yy,numerical,indicator,flag_88,1961
LW_br_yy__flag_99,LW_br_yy,numerical,indicator,flag_99,1962
LW_br_yy__le_bottom,LW_br_yy,numerical,indicator,le_bottom,1963
LW_br_yy__ge_top,LW_br_yy,numerical,indicator,ge_top,1964
LW_br_yy__missing,LW_br_yy,numerical,indicator,missing,1965
LW_br_yy__value,LW_br_yy,numerical,continuous,quantile_centered_value,1966
LW_br_mm__flag_88,LW_br_mm,numerical,indicator,flag_88,1967
LW_br_mm__flag_99,LW_br_mm,numerical,indicator,flag_99,1968
LW_br_mm__le_bottom,LW_br_mm,numerical,indicator,le_bottom,1969
LW_br_mm__ge_top,LW_br_mm,numerical,indicator,ge_top,1970
LW_br_mm__missing,LW_br_mm,numerical,indicator,missing,1971
LW_br_mm__value,LW_br_mm,numerical,continuous,quantile_centered_value,1972
LW_oc__1,LW_oc,categorical,one_hot,1,1973
LW_oc__2,LW_oc,categorical,one_hot,2,1974
LW_oc__8,LW_oc,categorical,one_hot,8,1975
LW_oc__9,LW_oc,categorical,one_hot,9,1976
LW_oc__missing,LW_oc,categorical,one_hot,missing,1977
LW_wh__1,LW_wh,categorical,one_hot,1,1978
LW_wh__2,LW_wh,categorical,one_hot,2,1979
LW_wh__8,LW_wh,categorical,one_hot,8,1980
LW_wh__9,LW_wh,categorical,one_hot,9,1981
LW_wh__missing,LW_wh,categorical,one_hot,missing,1982
LW_wh_a__flag_888,LW_wh_a,numerical,indicator,flag_888,1983
LW_wh_a__flag_999,LW_wh_a,numerical,indicator,flag_999,1984
LW_wh_a__le_bottom,LW_wh_a,numerical,indicator,le_bottom,1985
LW_wh_a__ge_top,LW_wh_a,numerical,indicator,ge_top,1986
LW_wh_a__missing,LW_wh_a,numerical,indicator,missing,1987
LW_wh_a__value,LW_wh_a,numerical,continuous,quantile_centered_value,1988
LW_wh_dur__flag_88,LW_wh_dur,numerical,indicator,flag_88,1989
LW_wh_dur__flag_889,LW_wh_dur,numerical,indicator,flag_889,1990
LW_wh_dur__flag_999,LW_wh_dur,numerical,indicator,flag_999,1991
LW_wh_dur__le_bottom,LW_wh_dur,numerical,indicator,le_bottom,1992
LW_wh_dur__ge_top,LW_wh_dur,numerical,indicator,ge_top,1993
LW_wh_dur__missing,LW_wh_dur,numerical,indicator,missing,1994
LW_wh_dur__value,LW_wh_dur,numerical,continuous,quantile_centered_value,1995
LW_wh_yy__flag_88,LW_wh_yy,numerical,indicator,flag_88,1996
LW_wh_yy__flag_99,LW_wh_yy,numerical,indicator,flag_99,1997
LW_wh_yy__le_bottom,LW_wh_yy,numerical,indicator,le_bottom,1998
LW_wh_yy__ge_top,LW_wh_yy,numerical,indicator,ge_top,1999
LW_wh_yy__missing,LW_wh_yy,numerical,indicator,missing,2000
LW_wh_yy__value,LW_wh_yy,numerical,continuous,quantile_centered_value,2001
LW_wh_mm__flag_88,LW_wh_mm,numerical,indicator,flag_88,2002
LW_wh_mm__flag_99,LW_wh_mm,numerical,indicator,flag_99,2003
LW_wh_mm__le_bottom,LW_wh_mm,numerical,indicator,le_bottom,2004
LW_wh_mm__ge_top,LW_wh_mm,numerical,indicator,ge_top,2005
LW_wh_mm__missing,LW_wh_mm,numerical,indicator,missing,2006
LW_wh_mm__value,LW_wh_mm,numerical,continuous,quantile_centered_value,2007
L_BR__1,L_BR,categorical,one_hot,1,2008
L_BR__0,L_BR,categorical,one_hot,0,2009
L_BR__missing,L_BR,categorical,one_hot,missing,2010
L_LN__1,L_LN,categorical,one_hot,1,2011
L_LN__0,L_LN,categorical,one_hot,0,2012
L_LN__missing,L_LN,categorical,one_hot,missing,2013
L_DN__1,L_DN,categorical,one_hot,1,2014
L_DN__0,L_DN,categorical,one_hot,0,2015
L_DN__missing,L_DN,categorical,one_hot,missing,2016
L_BR_FQ__1,L_BR_FQ,categorical,one_hot,1,2017
L_BR_FQ__2,L_BR_FQ,categorical,one_hot,2,2018
L_BR_FQ__3,L_BR_FQ,categorical,one_hot,3,2019
L_BR_FQ__4,L_BR_FQ,categorical,one_hot,4,2020
L_BR_FQ__9,L_BR_FQ,categorical,one_hot,9,2021
L_BR_FQ__missing,L_BR_FQ,categorical,one_hot,missing,2022
L_LN_FQ__1,L_LN_FQ,categorical,one_hot,1,2023
L_LN_FQ__2,L_LN_FQ,categorical,one_hot,2,2024
L_LN_FQ__3,L_LN_FQ,categorical,one_hot,3,2025
L_LN_FQ__4,L_LN_FQ,categorical,one_hot,4,2026
L_LN_FQ__9,L_LN_FQ,categorical,one_hot,9,2027
L_LN_FQ__missing,L_LN_FQ,categorical,one_hot,missing,2028
L_DN_FQ__1,L_DN_FQ,categorical,one_hot,1,2029
L_DN_FQ__2,L_DN_FQ,categorical,one_hot,2,2030
L_DN_FQ__3,L_DN_FQ,categorical,one_hot,3,2031
L_DN_FQ__4,L_DN_FQ,categorical,one_hot,4,2032
L_DN_FQ__9,L_DN_FQ,categorical,one_hot,9,2033
L_DN_FQ__missing,L_DN_FQ,categorical,one_hot,missing,2034
L_BR_TO__1,L_BR_TO,categorical,one_hot,1,2035
L_BR_TO__2,L_BR_TO,categorical,one_hot,2,2036
L_BR_TO__3,L_BR_TO,categorical,one_hot,3,2037
L_BR_TO__9,L_BR_TO,categorical,one_hot,9,2038
L_BR_TO__missing,L_BR_TO,categorical,one_hot,missing,2039
L_BR_WHO__1,L_BR_WHO,categorical,one_hot,1,2040
L_BR_WHO__2,L_BR_WHO,categorical,one_hot,2,2041
L_BR_WHO__8,L_BR_WHO,categorical,one_hot,8,2042
L_BR_WHO__9,L_BR_WHO,categorical,one_hot,9,2043
L_BR_WHO__missing,L_BR_WHO,categorical,one_hot,missing,2044
L_LN_TO__1,L_LN_TO,categorical,one_hot,1,2045
L_LN_TO__2,L_LN_TO,categorical,one_hot,2,2046
L_LN_TO__3,L_LN_TO,categorical,one_hot,3,2047
L_LN_TO__9,L_LN_TO,categorical,one_hot,9,2048
L_LN_TO__missing,L_LN_TO,categorical,one_hot,missing,2049
L_LN_WHO__1,L_LN_WHO,categorical,one_hot,1,2050
L_LN_WHO__2,L_LN_WHO,categorical,one_hot,2,2051
L_LN_WHO__8,L_LN_WHO,categorical,one_hot,8,2052
L_LN_WHO__9,L_LN_WHO,categorical,one_hot,9,2053
L_LN_WHO__missing,L_LN_WHO,categorical,one_hot,missing,2054
L_DN_TO__1,L_DN_TO,categorical,one_hot,1,2055
L_DN_TO__2,L_DN_TO,categorical,one_hot,2,2056
L_DN_TO__3,L_DN_TO,categorical,one_hot,3,2057
L_DN_TO__9,L_DN_TO,categorical,one_hot,9,2058
L_DN_TO__missing,L_DN_TO,categorical,one_hot,missing,2059
L_DN_WHO__1,L_DN_WHO,categorical,one_hot,1,2060
L_DN_WHO__2,L_DN_WHO,categorical,one_hot,2,2061
L_DN_WHO__8,L_DN_WHO,categorical,one_hot,8,2062
L_DN_WHO__9,L_DN_WHO,categorical,one_hot,9,2063
L_DN_WHO__missing,L_DN_WHO,categorical,one_hot,missing,2064
L_OUT_FQ__1,L_OUT_FQ,categorical,one_hot,1,2065
L_OUT_FQ__2,L_OUT_FQ,categorical,one_hot,2,2066
L_OUT_FQ__3,L_OUT_FQ,categorical,one_hot,3,2067
L_OUT_FQ__4,L_OUT_FQ,categorical,one_hot,4,2068
L_OUT_FQ__5,L_OUT_FQ,categorical,one_hot,5,2069
L_OUT_FQ__6,L_OUT_FQ,categorical,one_hot,6,2070
L_OUT_FQ__7,L_OUT_FQ,categorical,one_hot,7,2071
L_OUT_FQ__9,L_OUT_FQ,categorical,one_hot,9,2072
L_OUT_FQ__missing,L_OUT_FQ,categorical,one_hot,missing,2073
LS_VEG1__1,LS_VEG1,categorical,one_hot,1,2074
LS_VEG1__2,LS_VEG1,categorical,one_hot,2,2075
LS_VEG1__3,LS_VEG1,categorical,one_hot,3,2076
LS_VEG1__4,LS_VEG1,categorical,one_hot,4,2077
LS_VEG1__5,LS_VEG1,categorical,one_hot,5,2078
LS_VEG1__6,LS_VEG1,categorical,one_hot,6,2079
LS_VEG1__7,LS_VEG1,categorical,one_hot,7,2080
LS_VEG1__8,LS_VEG1,categorical,one_hot,8,2081
LS_VEG1__9,LS_VEG1,categorical,one_hot,9,2082
LS_VEG1__99,LS_VEG1,categorical,one_hot,99,2083
LS_VEG1__missing,LS_VEG1,categorical,one_hot,missing,2084
LS_VEG2__1,LS_VEG2,categorical,one_hot,1,2085
LS_VEG2__2,LS_VEG2,categorical,one_hot,2,2086
LS_VEG2__3,LS_VEG2,categorical,one_hot,3,2087
LS_VEG2__4,LS_VEG2,categorical,one_hot,4,2088
LS_VEG2__5,LS_VEG2,categorical,one_hot,5,2089
LS_VEG2__6,LS_VEG2,categorical,one_hot,6,2090
LS_VEG2__7,LS_VEG2,categorical,one_hot,7,2091
LS_VEG2__8,LS_VEG2,categorical,one_hot,8,2092
LS_VEG2__9,LS_VEG2,categorical,one_hot,9,2093
LS_VEG2__99,LS_VEG2,categorical,one_hot,99,2094
LS_VEG2__missing,LS_VEG2,categorical,one_hot,missing,2095
LS_FRUIT__1,LS_FRUIT,categorical,one_hot,1,2096
LS_FRUIT__2,LS_FRUIT,categorical,one_hot,2,2097
LS_FRUIT__3,LS_FRUIT,categorical,one_hot,3,2098
LS_FRUIT__4,LS_FRUIT,categorical,one_hot,4,2099
LS_FRUIT__5,LS_FRUIT,categorical,one_hot,5,2100
LS_FRUIT__6,LS_FRUIT,categorical,one_hot,6,2101
LS_FRUIT__7,LS_FRUIT,categorical,one_hot,7,2102
LS_FRUIT__8,LS_FRUIT,categorical,one_hot,8,2103
LS_FRUIT__9,LS_FRUIT,categorical,one_hot,9,2104
LS_FRUIT__99,LS_FRUIT,categorical,one_hot,99,2105
LS_FRUIT__missing,LS_FRUIT,categorical,one_hot,missing,2106
LS_1YR__1,LS_1YR,categorical,one_hot,1,2107
LS_1YR__2,LS_1YR,categorical,one_hot,2,2108
LS_1YR__9,LS_1YR,categorical,one_hot,9,2109
LS_1YR__missing,LS_1YR,categorical,one_hot,missing,2110
LK_EDU__1,LK_EDU,categorical,one_hot,1,2111
LK_EDU__2,LK_EDU,categorical,one_hot,2,2112
LK_EDU__3,LK_EDU,categorical,one_hot,3,2113
LK_EDU__9,LK_EDU,categorical,one_hot,9,2114
LK_EDU__missing,LK_EDU,categorical,one_hot,missing,2115
LK_LB_CO__1,LK_LB_CO,categorical,one_hot,1,2116
LK_LB_CO__2,LK_LB_CO,categorical,one_hot,2,2117
LK_LB_CO__3,LK_LB_CO,categorical,one_hot,3,2118
LK_LB_CO__9,LK_LB_CO,categorical,one_hot,9,2119
LK_LB_CO__missing,LK_LB_CO,categorical,one_hot,missing,2120
LK_LB_US__1,LK_LB_US,categorical,one_hot,1,2121
LK_LB_US__2,LK_LB_US,categorical,one_hot,2,2122
LK_LB_US__8,LK_LB_US,categorical,one_hot,8,2123
LK_LB_US__9,LK_LB_US,categorical,one_hot,9,2124
LK_LB_US__missing,LK_LB_US,categorical,one_hot,missing,2125
LK_LB_IT__1,LK_LB_IT,categorical,one_hot,1,2126
LK_LB_IT__2,LK_LB_IT,categorical,one_hot,2,2127
LK_LB_IT__3,LK_LB_IT,categorical,one_hot,3,2128
LK_LB_IT__4,LK_LB_IT,categorical,one_hot,4,2129
LK_LB_IT__5,LK_LB_IT,categorical,one_hot,5,2130
LK_LB_IT__6,LK_LB_IT,categorical,one_hot,6,2131
LK_LB_IT__7,LK_LB_IT,categorical,one_hot,7,2132
LK_LB_IT__8,LK_LB_IT,categorical,one_hot,8,2133
LK_LB_IT__9,LK_LB_IT,categorical,one_hot,9,2134
LK_LB_IT__10,LK_LB_IT,categorical,one_hot,10,2135
LK_LB_IT__88,LK_LB_IT,categorical,one_hot,88,2136
LK_LB_IT__99,LK_LB_IT,categorical,one_hot,99,2137
LK_LB_IT__missing,LK_LB_IT,categorical,one_hot,missing,2138
LK_LB_EF__1,LK_LB_EF,categorical,one_hot,1,2139
LK_LB_EF__2,LK_LB_EF,categorical,one_hot,2,2140
LK_LB_EF__8,LK_LB_EF,categorical,one_hot,8,2141
LK_LB_EF__9,LK_LB_EF,categorical,one_hot,9,2142
LK_LB_EF__missing,LK_LB_EF,categorical,one_hot,missing,2143
Y_BTH_WT__le_bottom,Y_BTH_WT,numerical,indicator,le_bottom,2144
Y_BTH_WT__ge_top,Y_BTH_WT,numerical,indicator,ge_top,2145
Y_BTH_WT__missing,Y_BTH_WT,numerical,indicator,missing,2146
Y_BTH_WT__value,Y_BTH_WT,numerical,continuous,quantile_centered_value,2147
Y_MTM_YN__1,Y_MTM_YN,categorical,one_hot,1,2148
Y_MTM_YN__2,Y_MTM_YN,categorical,one_hot,2,2149
Y_MTM_YN__9,Y_MTM_YN,categorical,one_hot,9,2150
Y_MTM_YN__missing,Y_MTM_YN,categorical,one_hot,missing,2151
Y_MTM_S1__flag_888,Y_MTM_S1,numerical,indicator,flag_888,2152
Y_MTM_S1__flag_999,Y_MTM_S1,numerical,indicator,flag_999,2153
Y_MTM_S1__le_bottom,Y_MTM_S1,numerical,indicator,le_bottom,2154
Y_MTM_S1__ge_top,Y_MTM_S1,numerical,indicator,ge_top,2155
Y_MTM_S1__missing,Y_MTM_S1,numerical,indicator,missing,2156
Y_MTM_S1__value,Y_MTM_S1,numerical,continuous,quantile_centered_value,2157
Y_MTM_S2__flag_888,Y_MTM_S2,numerical,indicator,flag_888,2158
Y_MTM_S2__flag_999,Y_MTM_S2,numerical,indicator,flag_999,2159
Y_MTM_S2__le_bottom,Y_MTM_S2,numerical,indicator,le_bottom,2160
Y_MTM_S2__ge_top,Y_MTM_S2,numerical,indicator,ge_top,2161
Y_MTM_S2__missing,Y_MTM_S2,numerical,indicator,missing,2162
Y_MTM_S2__value,Y_MTM_S2,numerical,continuous,quantile_centered_value,2163
Y_MTM_D1__flag_888,Y_MTM_D1,numerical,indicator,flag_888,2164
Y_MTM_D1__flag_999,Y_MTM_D1,numerical,indicator,flag_999,2165
Y_MTM_D1__le_bottom,Y_MTM_D1,numerical,indicator,le_bottom,2166
Y_MTM_D1__ge_top,Y_MTM_D1,numerical,indicator,ge_top,2167
Y_MTM_D1__missing,Y_MTM_D1,numerical,indicator,missing,2168
Y_MTM_D1__value,Y_MTM_D1,numerical,continuous,quantile_centered_value,2169
Y_MTM_D2__flag_888,Y_MTM_D2,numerical,indicator,flag_888,2170
Y_MTM_D2__flag_999,Y_MTM_D2,numerical,indicator,flag_999,2171
Y_MTM_D2__le_bottom,Y_MTM_D2,numerical,indicator,le_bottom,2172
Y_MTM_D2__ge_top,Y_MTM_D2,numerical,indicator,ge_top,2173
Y_MTM_D2__missing,Y_MTM_D2,numerical,indicator,missing,2174
Y_MTM_D2__value,Y_MTM_D2,numerical,continuous,quantile_centered_value,2175
Y_FM_YN__1,Y_FM_YN,categorical,one_hot,1,2176
Y_FM_YN__2,Y_FM_YN,categorical,one_hot,2,2177
Y_FM_YN__9,Y_FM_YN,categorical,one_hot,9,2178
Y_FM_YN__missing,Y_FM_YN,categorical,one_hot,missing,2179
Y_FM_S1__le_bottom,Y_FM_S1,numerical,indicator,le_bottom,2180
Y_FM_S1__ge_top,Y_FM_S1,numerical,indicator,ge_top,2181
Y_FM_S1__missing,Y_FM_S1,numerical,indicator,missing,2182
Y_FM_S1__value,Y_FM_S1,numerical,continuous,quantile_centered_value,2183
Y_FM_S2__le_bottom,Y_FM_S2,numerical,indicator,le_bottom,2184
Y_FM_S2__ge_top,Y_FM_S2,numerical,indicator,ge_top,2185
Y_FM_S2__missing,Y_FM_S2,numerical,indicator,missing,2186
Y_FM_S2__value,Y_FM_S2,numerical,continuous,quantile_centered_value,2187
Y_FM_D1__flag_888,Y_FM_D1,numerical,indicator,flag_888,2188
Y_FM_D1__flag_999,Y_FM_D1,numerical,indicator,flag_999,2189
Y_FM_D1__le_bottom,Y_FM_D1,numerical,indicator,le_bottom,2190
Y_FM_D1__ge_top,Y_FM_D1,numerical,indicator,ge_top,2191
Y_FM_D1__missing,Y_FM_D1,numerical,indicator,missing,2192
Y_FM_D1__value,Y_FM_D1,numerical,continuous,quantile_centered_value,2193
Y_FM_D2__flag_888,Y_FM_D2,numerical,indicator,flag_888,2194
Y_FM_D2__flag_999,Y_FM_D2,numerical,indicator,flag_999,2195
Y_FM_D2__le_bottom,Y_FM_D2,numerical,indicator,le_bottom,2196
Y_FM_D2__ge_top,Y_FM_D2,numerical,indicator,ge_top,2197
Y_FM_D2__missing,Y_FM_D2,numerical,indicator,missing,2198
Y_FM_D2__value,Y_FM_D2,numerical,continuous,quantile_centered_value,2199
Y_MLK_ST__flag_888,Y_MLK_ST,numerical,indicator,flag_888,2200
Y_MLK_ST__flag_999,Y_MLK_ST,numerical,indicator,flag_999,2201
Y_MLK_ST__le_bottom,Y_MLK_ST,numerical,indicator,le_bottom,2202
Y_MLK_ST__ge_top,Y_MLK_ST,numerical,indicator,ge_top,2203
Y_MLK_ST__missing,Y_MLK_ST,numerical,indicator,missing,2204
Y_MLK_ST__value,Y_MLK_ST,numerical,continuous,quantile_centered_value,2205
Y_WN_ST__flag_888,Y_WN_ST,numerical,indicator,flag_888,2206
Y_WN_ST__flag_999,Y_WN_ST,numerical,indicator,flag_999,2207
Y_WN_ST__le_bottom,Y_WN_ST,numerical,indicator,le_bottom,2208
Y_WN_ST__ge_top,Y_WN_ST,numerical,indicator,ge_top,2209
Y_WN_ST__missing,Y_WN_ST,numerical,indicator,missing,2210
Y_WN_ST__value,Y_WN_ST,numerical,continuous,quantile_centered_value,2211
Y_SUP_YN__1,Y_SUP_YN,categorical,one_hot,1,2212
Y_SUP_YN__2,Y_SUP_YN,categorical,one_hot,2,2213
Y_SUP_YN__9,Y_SUP_YN,categorical,one_hot,9,2214
Y_SUP_YN__missing,Y_SUP_YN,categorical,one_hot,missing,2215
Y_SUP_KD1__0,Y_SUP_KD1,categorical,one_hot,0,2216
Y_SUP_KD1__1,Y_SUP_KD1,categorical,one_hot,1,2217
Y_SUP_KD1__8,Y_SUP_KD1,categorical,one_hot,8,2218
Y_SUP_KD1__missing,Y_SUP_KD1,categorical,one_hot,missing,2219
Y_SUP_KD3__0,Y_SUP_KD3,categorical,one_hot,0,2220
Y_SUP_KD3__1,Y_SUP_KD3,categorical,one_hot,1,2221
Y_SUP_KD3__8,Y_SUP_KD3,categorical,one_hot,8,2222
Y_SUP_KD3__missing,Y_SUP_KD3,categorical,one_hot,missing,2223
Y_SUP_KD4__0,Y_SUP_KD4,categorical,one_hot,0,2224
Y_SUP_KD4__1,Y_SUP_KD4,categorical,one_hot,1,2225
Y_SUP_KD4__8,Y_SUP_KD4,categorical,one_hot,8,2226
Y_SUP_KD4__missing,Y_SUP_KD4,categorical,one_hot,missing,2227
Y_SUP_KD7__0,Y_SUP_KD7,categorical,one_hot,0,2228
Y_SUP_KD7__1,Y_SUP_KD7,categorical,one_hot,1,2229
Y_SUP_KD7__8,Y_SUP_KD7,categorical,one_hot,8,2230
Y_SUP_KD7__missing,Y_SUP_KD7,categorical,one_hot,missing,2231
N_DIET__1,N_DIET,categorical,one_hot,1,2232
N_DIET__2,N_DIET,categorical,one_hot,2,2233
N_DIET__9,N_DIET,categorical,one_hot,9,2234
N_DIET__missing,N_DIET,categorical,one_hot,missing,2235
N_DIET_WHY__1,N_DIET_WHY,categorical,one_hot,1,2236
N_DIET_WHY__2,N_DIET_WHY,categorical,one_hot,2,2237
N_DIET_WHY__3,N_DIET_WHY,categorical,one_hot,3,2238
N_DIET_WHY__8,N_DIET_WHY,categorical,one_hot,8,2239
N_DIET_WHY__9,N_DIET_WHY,categorical,one_hot,9,2240
N_DIET_WHY__missing,N_DIET_WHY,categorical,one_hot,missing,2241
N_DUSUAL__1,N_DUSUAL,categorical,one_hot,1,2242
N_DUSUAL__2,N_DUSUAL,categorical,one_hot,2,2243
N_DUSUAL__3,N_DUSUAL,categorical,one_hot,3,2244
N_DUSUAL__9,N_DUSUAL,categorical,one_hot,9,2245
N_DUSUAL__missing,N_DUSUAL,categorical,one_hot,missing,2246
N_WAT_C__le_bottom,N_WAT_C,numerical,indicator,le_bottom,2247
N_WAT_C__ge_top,N_WAT_C,numerical,indicator,ge_top,2248
N_WAT_C__missing,N_WAT_C,numerical,indicator,missing,2249
N_WAT_C__value,N_WAT_C,numerical,continuous,quantile_centered_value,2250
N_BF__1,N_BF,categorical,one_hot,1,2251
N_BF__2,N_BF,categorical,one_hot,2,2252
N_BF__8,N_BF,categorical,one_hot,8,2253
N_BF__missing,N_BF,categorical,one_hot,missing,2254
N_BFD_Y__1,N_BFD_Y,categorical,one_hot,1,2255
N_BFD_Y__2,N_BFD_Y,categorical,one_hot,2,2256
N_BFD_Y__8,N_BFD_Y,categorical,one_hot,8,2257
N_BFD_Y__missing,N_BFD_Y,categorical,one_hot,missing,2258
N_DAY__월요일,N_DAY,categorical,one_hot,월요일,2259
N_DAY__화요일,N_DAY,categorical,one_hot,화요일,2260
N_DAY__수요일,N_DAY,categorical,one_hot,수요일,2261
N_DAY__목요일,N_DAY,categorical,one_hot,목요일,2262
N_DAY__금요일,N_DAY,categorical,one_hot,금요일,2263
N_DAY__토요일,N_DAY,categorical,one_hot,토요일,2264
N_DAY__일요일,N_DAY,categorical,one_hot,일요일,2265
N_DAY__missing,N_DAY,categorical,one_hot,missing,2266
N_INTK__le_bottom,N_INTK,numerical,indicator,le_bottom,2267
N_INTK__ge_top,N_INTK,numerical,indicator,ge_top,2268
N_INTK__missing,N_INTK,numerical,indicator,missing,2269
N_INTK__value,N_INTK,numerical,continuous,quantile_centered_value,2270
N_EN__le_bottom,N_EN,numerical,indicator,le_bottom,2271
N_EN__ge_top,N_EN,numerical,indicator,ge_top,2272
N_EN__missing,N_EN,numerical,indicator,missing,2273
N_EN__value,N_EN,numerical,continuous,quantile_centered_value,2274
N_WATER__le_bottom,N_WATER,numerical,indicator,le_bottom,2275
N_WATER__ge_top,N_WATER,numerical,indicator,ge_top,2276
N_WATER__missing,N_WATER,numerical,indicator,missing,2277
N_WATER__value,N_WATER,numerical,continuous,quantile_centered_value,2278
N_PROT__le_bottom,N_PROT,numerical,indicator,le_bottom,2279
N_PROT__ge_top,N_PROT,numerical,indicator,ge_top,2280
N_PROT__missing,N_PROT,numerical,indicator,missing,2281
N_PROT__value,N_PROT,numerical,continuous,quantile_centered_value,2282
N_FAT__le_bottom,N_FAT,numerical,indicator,le_bottom,2283
N_FAT__ge_top,N_FAT,numerical,indicator,ge_top,2284
N_FAT__missing,N_FAT,numerical,indicator,missing,2285
N_FAT__value,N_FAT,numerical,continuous,quantile_centered_value,2286
N_SFA__le_bottom,N_SFA,numerical,indicator,le_bottom,2287
N_SFA__ge_top,N_SFA,numerical,indicator,ge_top,2288
N_SFA__missing,N_SFA,numerical,indicator,missing,2289
N_SFA__value,N_SFA,numerical,continuous,quantile_centered_value,2290
N_MUFA__le_bottom,N_MUFA,numerical,indicator,le_bottom,2291
N_MUFA__ge_top,N_MUFA,numerical,indicator,ge_top,2292
N_MUFA__missing,N_MUFA,numerical,indicator,missing,2293
N_MUFA__value,N_MUFA,numerical,continuous,quantile_centered_value,2294
N_PUFA__le_bottom,N_PUFA,numerical,indicator,le_bottom,2295
N_PUFA__ge_top,N_PUFA,numerical,indicator,ge_top,2296
N_PUFA__missing,N_PUFA,numerical,indicator,missing,2297
N_PUFA__value,N_PUFA,numerical,continuous,quantile_centered_value,2298
N_N3__le_bottom,N_N3,numerical,indicator,le_bottom,2299
N_N3__ge_top,N_N3,numerical,indicator,ge_top,2300
N_N3__missing,N_N3,numerical,indicator,missing,2301
N_N3__value,N_N3,numerical,continuous,quantile_centered_value,2302
N_N6__le_bottom,N_N6,numerical,indicator,le_bottom,2303
N_N6__ge_top,N_N6,numerical,indicator,ge_top,2304
N_N6__missing,N_N6,numerical,indicator,missing,2305
N_N6__value,N_N6,numerical,continuous,quantile_centered_value,2306
N_CHOL__le_bottom,N_CHOL,numerical,indicator,le_bottom,2307
N_CHOL__ge_top,N_CHOL,numerical,indicator,ge_top,2308
N_CHOL__missing,N_CHOL,numerical,indicator,missing,2309
N_CHOL__value,N_CHOL,numerical,continuous,quantile_centered_value,2310
N_CHO__le_bottom,N_CHO,numerical,indicator,le_bottom,2311
N_CHO__ge_top,N_CHO,numerical,indicator,ge_top,2312
N_CHO__missing,N_CHO,numerical,indicator,missing,2313
N_CHO__value,N_CHO,numerical,continuous,quantile_centered_value,2314
N_TDF__le_bottom,N_TDF,numerical,indicator,le_bottom,2315
N_TDF__ge_top,N_TDF,numerical,indicator,ge_top,2316
N_TDF__missing,N_TDF,numerical,indicator,missing,2317
N_TDF__value,N_TDF,numerical,continuous,quantile_centered_value,2318
N_SUGAR__le_bottom,N_SUGAR,numerical,indicator,le_bottom,2319
N_SUGAR__ge_top,N_SUGAR,numerical,indicator,ge_top,2320
N_SUGAR__missing,N_SUGAR,numerical,indicator,missing,2321
N_SUGAR__value,N_SUGAR,numerical,continuous,quantile_centered_value,2322
N_CA__le_bottom,N_CA,numerical,indicator,le_bottom,2323
N_CA__ge_top,N_CA,numerical,indicator,ge_top,2324
N_CA__missing,N_CA,numerical,indicator,missing,2325
N_CA__value,N_CA,numerical,continuous,quantile_centered_value,2326
N_PHOS__le_bottom,N_PHOS,numerical,indicator,le_bottom,2327
N_PHOS__ge_top,N_PHOS,numerical,indicator,ge_top,2328
N_PHOS__missing,N_PHOS,numerical,indicator,missing,2329
N_PHOS__value,N_PHOS,numerical,continuous,quantile_centered_value,2330
N_NA__le_bottom,N_NA,numerical,indicator,le_bottom,2331
N_NA__ge_top,N_NA,numerical,indicator,ge_top,2332
N_NA__missing,N_NA,numerical,indicator,missing,2333
N_NA__value,N_NA,numerical,continuous,quantile_centered_value,2334
N_K__le_bottom,N_K,numerical,indicator,le_bottom,2335
N_K__ge_top,N_K,numerical,indicator,ge_top,2336
N_K__missing,N_K,numerical,indicator,missing,2337
N_K__value,N_K,numerical,continuous,quantile_centered_value,2338
N_MG__le_bottom,N_MG,numerical,indicator,le_bottom,2339
N_MG__ge_top,N_MG,numerical,indicator,ge_top,2340
N_MG__missing,N_MG,numerical,indicator,missing,2341
N_MG__value,N_MG,numerical,continuous,quantile_centered_value,2342
N_FE__le_bottom,N_FE,numerical,indicator,le_bottom,2343
N_FE__ge_top,N_FE,numerical,indicator,ge_top,2344
N_FE__missing,N_FE,numerical,indicator,missing,2345
N_FE__value,N_FE,numerical,continuous,quantile_centered_value,2346
N_ZN__le_bottom,N_ZN,numerical,indicator,le_bottom,2347
N_ZN__ge_top,N_ZN,numerical,indicator,ge_top,2348
N_ZN__missing,N_ZN,numerical,indicator,missing,2349
N_ZN__value,N_ZN,numerical,continuous,quantile_centered_value,2350
N_VA_RAE__le_bottom,N_VA_RAE,numerical,indicator,le_bottom,2351
N_VA_RAE__ge_top,N_VA_RAE,numerical,indicator,ge_top,2352
N_VA_RAE__missing,N_VA_RAE,numerical,indicator,missing,2353
N_VA_RAE__value,N_VA_RAE,numerical,continuous,quantile_centered_value,2354
N_VITD__le_bottom,N_VITD,numerical,indicator,le_bottom,2355
N_VITD__ge_top,N_VITD,numerical,indicator,ge_top,2356
N_VITD__missing,N_VITD,numerical,indicator,missing,2357
N_VITD__value,N_VITD,numerical,continuous,quantile_centered_value,2358
N_VITE__le_bottom,N_VITE,numerical,indicator,le_bottom,2359
N_VITE__ge_top,N_VITE,numerical,indicator,ge_top,2360
N_VITE__missing,N_VITE,numerical,indicator,missing,2361
N_VITE__value,N_VITE,numerical,continuous,quantile_centered_value,2362
N_CAROT__le_bottom,N_CAROT,numerical,indicator,le_bottom,2363
N_CAROT__ge_top,N_CAROT,numerical,indicator,ge_top,2364
N_CAROT__missing,N_CAROT,numerical,indicator,missing,2365
N_CAROT__value,N_CAROT,numerical,continuous,quantile_centered_value,2366
N_RETIN__le_bottom,N_RETIN,numerical,indicator,le_bottom,2367
N_RETIN__ge_top,N_RETIN,numerical,indicator,ge_top,2368
N_RETIN__missing,N_RETIN,numerical,indicator,missing,2369
N_RETIN__value,N_RETIN,numerical,continuous,quantile_centered_value,2370
N_B1__le_bottom,N_B1,numerical,indicator,le_bottom,2371
N_B1__ge_top,N_B1,numerical,indicator,ge_top,2372
N_B1__missing,N_B1,numerical,indicator,missing,2373
N_B1__value,N_B1,numerical,continuous,quantile_centered_value,2374
N_B2__le_bottom,N_B2,numerical,indicator,le_bottom,2375
N_B2__ge_top,N_B2,numerical,indicator,ge_top,2376
N_B2__missing,N_B2,numerical,indicator,missing,2377
N_B2__value,N_B2,numerical,continuous,quantile_centered_value,2378
N_NIAC__le_bottom,N_NIAC,numerical,indicator,le_bottom,2379
N_NIAC__ge_top,N_NIAC,numerical,indicator,ge_top,2380
N_NIAC__missing,N_NIAC,numerical,indicator,missing,2381
N_NIAC__value,N_NIAC,numerical,continuous,quantile_centered_value,2382
N_FOLATE__le_bottom,N_FOLATE,numerical,indicator,le_bottom,2383
N_FOLATE__ge_top,N_FOLATE,numerical,indicator,ge_top,2384
N_FOLATE__missing,N_FOLATE,numerical,indicator,missing,2385
N_FOLATE__value,N_FOLATE,numerical,continuous,quantile_centered_value,2386
N_VITC__le_bottom,N_VITC,numerical,indicator,le_bottom,2387
N_VITC__ge_top,N_VITC,numerical,indicator,ge_top,2388
N_VITC__missing,N_VITC,numerical,indicator,missing,2389
N_VITC__value,N_VITC,numerical,continuous,quantile_centered_value,2390
LF_secur_y__1,LF_secur_y,categorical,one_hot,1,2391
LF_secur_y__missing,LF_secur_y,categorical,one_hot,missing,2392
LF_BUYER__1,LF_BUYER,categorical,one_hot,1,2393
LF_BUYER__2,LF_BUYER,categorical,one_hot,2,2394
LF_BUYER__9,LF_BUYER,categorical,one_hot,9,2395
LF_BUYER__missing,LF_BUYER,categorical,one_hot,missing,2396
LF_SAFE__1,LF_SAFE,categorical,one_hot,1,2397
LF_SAFE__2,LF_SAFE,categorical,one_hot,2,2398
LF_SAFE__3,LF_SAFE,categorical,one_hot,3,2399
LF_SAFE__4,LF_SAFE,categorical,one_hot,4,2400
LF_SAFE__9,LF_SAFE,categorical,one_hot,9,2401
LF_SAFE__missing,LF_SAFE,categorical,one_hot,missing,2402
